id,imdb_rating,imdb_votes,number_in_season,number_in_series,original_air_date,production_code,season,title,us_viewers_in_millions,views,air_year,air_month,air_dayofweek_num,air_dayofweek,imdb_rating_roll5,season_avg_imdb,season_avg_viewers,season_n_episodes
1,8.2,3734,1,1,1989-12-17,7G08,1,Simpsons Roasting on an Open Fire,26.7,171408,1989,12,6,Sunday,7.833,7.808,27.808,13
2,7.8,1973,2,2,1990-01-14,7G02,1,Bart the Genius,24.5,91423,1990,1,6,Sunday,7.825,7.808,27.808,13
3,7.5,1709,3,3,1990-01-21,7G03,1,Homer's Odyssey,27.5,78072,1990,1,6,Sunday,7.88,7.808,27.808,13
4,7.8,1701,4,4,1990-01-28,7G04,1,There's No Disgrace Like Home,20.2,67378,1990,1,6,Sunday,7.76,7.808,27.808,13
5,8.1,1732,5,5,1990-02-04,7G05,1,Bart the General,27.1,63129,1990,2,6,Sunday,7.78,7.808,27.808,13
6,7.6,1674,6,6,1990-02-11,7G06,1,Moaning Lisa,27.4,55355,1990,2,6,Sunday,7.82,7.808,27.808,13
7,7.9,1638,7,7,1990-02-18,7G09,1,The Call of the Simpsons,27.6,57793,1990,2,6,Sunday,7.76,7.808,27.808,13
8,7.7,1580,8,8,1990-02-25,7G07,1,The Telltale Head,28.0,66311,1990,2,6,Sunday,7.62,7.808,27.808,13
9,7.5,1578,9,9,1990-03-18,7G11,1,Life on the Fast Lane,33.5,64776,1990,3,6,Sunday,7.66,7.808,27.808,13
10,7.4,1511,10,10,1990-03-25,7G10,1,Homer's Night Out,30.3,50816,1990,3,6,Sunday,7.74,7.808,27.808,13
11,7.8,1539,11,11,1990-04-15,7G13,1,The Crepes of Wrath,31.2,60458,1990,4,6,Sunday,7.78,7.808,27.808,13
12,8.3,1716,12,12,1990-04-29,7G12,1,Krusty Gets Busted,30.4,62561,1990,4,6,Sunday,7.92,7.808,27.808,13
13,7.9,1567,13,13,1990-05-13,7G01,1,Some Enchanted Evening,27.1,57590,1990,5,6,Sunday,8.1,7.808,27.808,13
14,8.2,1638,1,14,1990-10-11,7F03,2,"Bart Gets an ""F""",33.6,59575,1990,10,3,Thursday,8.18,8.041,24.405,22
15,8.3,1588,2,15,1990-10-18,7F02,2,Simpson and Delilah,29.9,58553,1990,10,3,Thursday,8.14,8.041,24.405,22
16,8.2,1786,3,16,1990-10-25,7F04,2,Treehouse of Horror,27.4,130282,1990,10,3,Thursday,8.06,8.041,24.405,22
17,8.1,1457,4,17,1990-11-01,7F01,2,Two Cars in Every Garage and Three Eyes on Every Fish,26.1,64959,1990,11,3,Thursday,8.02,8.041,24.405,22
18,7.5,1381,5,18,1990-11-08,7F05,2,Dancin' Homer,26.1,49005,1990,11,3,Thursday,7.9,8.041,24.405,22
19,8.0,1366,6,19,1990-11-15,7F08,2,Dead Putting Society,25.4,50691,1990,11,3,Thursday,7.94,8.041,24.405,22
20,7.7,1324,7,20,1990-11-22,7F07,2,Bart vs. Thanksgiving,25.9,47539,1990,11,3,Thursday,7.94,8.041,24.405,22
21,8.4,1522,8,21,1990-12-06,7F06,2,Bart the Daredevil,26.2,57605,1990,12,3,Thursday,8.0,8.041,24.405,22
22,8.1,1402,9,22,1990-12-20,7F09,2,Itchy & Scratchy & Marge,22.2,55413,1990,12,3,Thursday,8.16,8.041,24.405,22
23,7.8,1340,10,23,1991-01-10,7F10,2,Bart Gets Hit by a Car,24.8,56486,1991,1,3,Thursday,8.26,8.041,24.405,22
24,8.8,1687,11,24,1991-01-24,7F12,2,"One Fish, Two Fish, Blowfish, Blue Fish",24.2,50206,1991,1,3,Thursday,8.18,8.041,24.405,22
25,8.2,1392,12,25,1991-01-31,7F11,2,The Way We Was,26.8,51182,1991,1,3,Thursday,8.06,8.041,24.405,22
26,8.0,1329,13,26,1991-02-07,7F13,2,Homer vs. Lisa and the 8th Commandment,26.2,58277,1991,2,3,Thursday,8.14,8.041,24.405,22
27,7.5,1241,14,27,1991-02-14,7F15,2,Principal Charming,23.9,46823,1991,2,3,Thursday,7.88,8.041,24.405,22
28,8.2,1413,15,28,1991-02-21,7F16,2,"Oh Brother, Where Art Thou?",26.8,47426,1991,2,3,Thursday,7.76,8.041,24.405,22
29,7.5,1264,16,29,1991-03-07,7F14,2,"Bart's Dog Gets an ""F""",23.9,47780,1991,3,3,Thursday,7.76,8.041,24.405,22
30,7.6,1243,17,30,1991-03-28,7F17,2,Old Money,21.2,44331,1991,3,3,Thursday,7.96,8.041,24.405,22
31,8.0,1257,18,31,1991-04-11,7F18,2,Brush with Greatness,20.6,58561,1991,4,3,Thursday,7.9,8.041,24.405,22
32,8.5,1684,19,32,1991-04-25,7F19,2,Lisa's Substitute,17.7,52770,1991,4,3,Thursday,8.08,8.041,24.405,22
33,7.9,1246,20,33,1991-05-02,7F20,2,The War of the Simpsons,19.7,51997,1991,5,3,Thursday,8.16,8.041,24.405,22
34,8.4,1379,21,34,1991-05-09,7F21,2,Three Men and a Comic Book,21.0,50403,1991,5,3,Thursday,8.28,8.041,24.405,22
35,8.0,1223,22,35,1991-07-11,7F22,2,Blood Feud,17.3,52829,1991,7,3,Thursday,8.12,8.041,24.405,22
36,8.6,1798,1,36,1991-09-19,7F24,3,Stark Raving Dad,22.9,55238,1991,9,3,Thursday,8.18,8.154,21.767,24
37,7.7,1274,2,37,1991-09-26,8F01,3,Mr. Lisa Goes to Washington,20.2,52098,1991,9,3,Thursday,8.24,8.154,21.767,24
38,8.2,1302,3,38,1991-10-03,7F23,3,When Flanders Failed,22.8,53499,1991,10,3,Thursday,8.34,8.154,21.767,24
39,8.7,1446,4,39,1991-10-10,8F03,3,Bart the Murderer,20.8,64342,1991,10,3,Thursday,8.16,8.154,21.767,24
40,8.5,1452,5,40,1991-10-17,8F04,3,Homer Defined,20.6,50601,1991,10,3,Thursday,8.26,8.154,21.767,24
41,7.7,1262,6,41,1991-10-24,8F05,3,"Like Father, Like Clown",20.2,45586,1991,10,3,Thursday,8.2,8.154,21.767,24
42,8.2,1369,7,42,1991-10-31,8F02,3,Treehouse of Horror II,20.0,103012,1991,10,3,Thursday,8.04,8.154,21.767,24
43,7.9,1243,8,43,1991-11-07,8F06,3,Lisa's Pony,23.0,53093,1991,11,3,Thursday,8.1,8.154,21.767,24
44,7.9,1194,9,44,1991-11-14,8F07,3,Saturdays of Thunder,24.7,55808,1991,11,3,Thursday,8.2,8.154,21.767,24
45,8.8,1618,10,45,1991-11-21,8F08,3,Flaming Moe's,23.9,58968,1991,11,3,Thursday,8.2,8.154,21.767,24
46,8.2,1291,11,46,1991-12-05,8F09,3,Burns Verkaufen der Kraftwerk,21.1,55987,1991,12,3,Thursday,8.32,8.154,21.767,24
47,8.2,1213,12,47,1991-12-26,8F10,3,I Married Marge,21.9,47880,1991,12,3,Thursday,8.34,8.154,21.767,24
48,8.5,1365,13,48,1992-01-09,8F11,3,Radio Bart,24.2,58919,1992,1,3,Thursday,8.18,8.154,21.767,24
49,8.0,1179,14,49,1992-01-23,8F12,3,Lisa the Greek,23.2,49457,1992,1,3,Thursday,8.2,8.154,21.767,24
50,8.0,1176,15,50,1992-02-06,8F14,3,Homer Alone,23.7,58991,1992,2,3,Thursday,8.28,8.154,21.767,24
51,8.3,1272,16,51,1992-02-13,8F16,3,Bart the Lover,20.5,53123,1992,2,3,Thursday,8.22,8.154,21.767,24
52,8.6,1637,17,52,1992-02-20,8F13,3,Homer at the Bat,24.6,72378,1992,2,3,Thursday,8.16,8.154,21.767,24
53,8.2,1201,18,53,1992-02-27,8F15,3,Separate Vocations,23.7,61508,1992,2,3,Thursday,8.14,8.154,21.767,24
54,7.7,1165,19,54,1992-03-12,8F17,3,Dog of Death,23.4,49665,1992,3,3,Thursday,8.12,8.154,21.767,24
55,7.9,1233,20,55,1992-03-26,8F19,3,Colonel Homer,25.5,46901,1992,3,3,Thursday,7.94,8.154,21.767,24
56,8.2,1233,21,56,1992-04-09,8F20,3,Black Widower,17.3,57582,1992,4,3,Thursday,7.86,8.154,21.767,24
57,7.7,1176,22,57,1992-04-23,8F21,3,The Otto Show,17.5,50068,1992,4,3,Thursday,7.96,8.154,21.767,24
58,7.8,1160,23,58,1992-05-07,8F22,3,Bart's Friend Falls in Love,19.5,48058,1992,5,3,Thursday,8.06,8.154,21.767,24
59,8.2,1227,24,59,1992-08-27,8F23,3,"Brother, Can You Spare Two Dimes?",17.2,50936,1992,8,3,Thursday,8.04,8.154,21.767,24
60,8.4,1414,1,60,1992-09-24,8F24,4,Kamp Krusty,21.8,67081,1992,9,3,Thursday,8.3,8.268,22.395,22
61,8.1,1339,2,61,1992-10-01,8F18,4,A Streetcar Named Marge,18.3,54487,1992,10,3,Thursday,8.3,8.268,22.395,22
62,9.0,1747,3,62,1992-10-08,9F01,4,Homer the Heretic,19.3,64605,1992,10,3,Thursday,8.34,8.268,22.395,22
63,7.8,1194,4,63,1992-10-15,9F02,4,Lisa the Beauty Queen,19.0,52203,1992,10,3,Thursday,8.3,8.268,22.395,22
64,8.4,1394,5,64,1992-10-29,9F04,4,Treehouse of Horror III,25.1,108171,1992,10,3,Thursday,8.24,8.268,22.395,22
65,8.2,1293,6,65,1992-11-03,9F03,4,Itchy & Scratchy: The Movie,20.1,55740,1992,11,1,Tuesday,8.08,8.268,22.395,22
66,7.8,1163,7,66,1992-11-05,9F05,4,Marge Gets a Job,22.9,69527,1992,11,3,Thursday,8.28,8.268,22.395,22
67,8.2,1240,8,67,1992-11-12,9F06,4,New Kid on the Block,23.1,54557,1992,11,3,Thursday,8.3,8.268,22.395,22
68,8.8,1595,9,68,1992-11-19,9F07,4,Mr. Plow,24.0,63564,1992,11,3,Thursday,8.4,8.268,22.395,22
69,8.5,1350,10,69,1992-12-03,9F08,4,Lisa's First Word,28.6,62070,1992,12,3,Thursday,8.64,8.268,22.395,22
70,8.7,1445,11,70,1992-12-17,9F09,4,Homer's Triple Bypass,23.6,57400,1992,12,3,Thursday,8.6,8.268,22.395,22
71,9.0,2028,12,71,1993-01-14,9F10,4,Marge vs. the Monorail,23.0,88171,1993,1,3,Thursday,8.46,8.268,22.395,22
72,8.0,1153,13,72,1993-01-21,9F11,4,Selma's Choice,24.5,56396,1993,1,3,Thursday,8.42,8.268,22.395,22
73,8.1,1176,14,73,1993-02-04,9F12,4,Brother from the Same Planet,23.8,59040,1993,2,3,Thursday,8.34,8.268,22.395,22
74,8.3,1268,15,74,1993-02-11,9F13,4,I Love Lisa,25.2,62309,1993,2,3,Thursday,8.34,8.268,22.395,22
75,8.3,1209,16,75,1993-02-18,9F14,4,Duffless,25.7,84874,1993,2,3,Thursday,8.18,8.268,22.395,22
76,9.0,1827,17,76,1993-03-11,9F15,4,Last Exit to Springfield,22.4,71907,1993,3,3,Thursday,8.18,8.268,22.395,22
77,7.2,1105,18,77,1993-04-01,9F17,4,So It's Come to This: A Simpsons Clip Show,25.5,49139,1993,4,3,Thursday,8.14,8.268,22.395,22
78,8.1,1122,19,78,1993-04-15,9F16,4,The Front,20.1,53404,1993,4,3,Thursday,8.02,8.268,22.395,22
79,8.1,1234,20,79,1993-04-29,9F18,4,Whacking Day,20.0,60739,1993,4,3,Thursday,7.86,8.268,22.395,22
80,7.7,1080,21,80,1993-05-06,9F20,4,Marge in Chains,17.3,68692,1993,5,3,Thursday,8.1,8.268,22.395,22
81,8.2,1269,22,81,1993-05-13,9F19,4,Krusty Gets Kancelled,19.4,59948,1993,5,3,Thursday,8.28,8.268,22.395,22
82,8.4,1416,1,82,1993-09-30,9F21,5,Homer's Barbershop Quartet,19.9,58390,1993,9,3,Thursday,8.38,8.336,18.941,22
83,9.0,2010,2,83,1993-10-07,9F22,5,Cape Feare,20.0,65585,1993,10,3,Thursday,8.62,8.336,18.941,22
84,8.6,1476,3,84,1993-10-14,1F02,5,Homer Goes to College,18.1,64802,1993,10,3,Thursday,8.72,8.336,18.941,22
85,8.9,1479,4,85,1993-10-21,1F01,5,Rosebud,19.5,57149,1993,10,3,Thursday,8.64,8.336,18.941,22
86,8.7,1437,5,86,1993-10-28,1F04,5,Treehouse of Horror IV,24.0,110251,1993,10,3,Thursday,8.38,8.336,18.941,22
87,8.0,1132,6,87,1993-11-04,1F03,5,Marge on the Lam,21.7,53490,1993,11,3,Thursday,8.4,8.336,18.941,22
88,7.7,1085,7,88,1993-11-11,1F05,5,Bart's Inner Child,18.7,74139,1993,11,3,Thursday,8.3,8.336,18.941,22
89,8.7,1270,8,89,1993-11-18,1F06,5,Boy-Scoutz 'n the Hood,20.1,83238,1993,11,3,Thursday,8.26,8.336,18.941,22
90,8.4,1308,9,90,1993-12-09,1F07,5,The Last Temptation of Homer,20.6,59350,1993,12,3,Thursday,8.3,8.336,18.941,22
91,8.5,1274,10,91,1993-12-16,1F08,5,"$pringfield (or, How I Learned to Stop Worrying and Love Legalized Gambling)",17.9,82216,1993,12,3,Thursday,8.38,8.336,18.941,22
92,8.2,1202,11,92,1994-01-06,1F09,5,Homer the Vigilante,20.1,74673,1994,1,3,Thursday,8.3,8.336,18.941,22
93,8.1,1123,12,93,1994-02-03,1F11,5,Bart Gets Famous,20.0,66267,1994,2,3,Thursday,8.26,8.336,18.941,22
94,8.3,1171,13,94,1994-02-10,1F10,5,Homer and Apu,21.8,58716,1994,2,3,Thursday,8.32,8.336,18.941,22
95,8.2,1187,14,95,1994-02-17,1F12,5,Lisa vs. Malibu Stacy,20.5,61715,1994,2,3,Thursday,8.38,8.336,18.941,22
96,8.8,1505,15,96,1994-02-24,1F13,5,Deep Space Homer,18.2,75439,1994,2,3,Thursday,8.34,8.336,18.941,22
97,8.5,1191,16,97,1994-03-17,1F14,5,Homer Loves Flanders,18.0,69996,1994,3,3,Thursday,8.36,8.336,18.941,22
98,7.9,1116,17,98,1994-03-31,1F15,5,Bart Gets an Elephant,17.0,63427,1994,3,3,Thursday,8.4,8.336,18.941,22
99,8.4,1143,18,99,1994-04-14,1F16,5,Burns' Heir,14.7,81678,1994,4,3,Thursday,8.28,8.336,18.941,22
100,8.4,1118,19,100,1994-04-28,1F18,5,Sweet Seymour Skinner's Baadasssss Song,19.7,66406,1994,4,3,Thursday,8.08,8.336,18.941,22
101,8.2,1103,20,101,1994-05-05,1F19,5,The Boy Who Knew Too Much,15.5,74427,1994,5,3,Thursday,8.1,8.336,18.941,22
102,7.5,1014,21,102,1994-05-12,1F21,5,Lady Bouvier's Lover,15.1,59503,1994,5,3,Thursday,8.14,8.336,18.941,22
103,8.0,1060,22,103,1994-05-19,1F20,5,Secrets of a Successful Marriage,15.6,67959,1994,5,3,Thursday,8.08,8.336,18.941,22
104,8.6,1330,1,104,1994-09-04,1F22,6,Bart of Darkness,15.1,65126,1994,9,6,Sunday,7.64,8.312,15.596,25
105,8.1,1156,2,105,1994-09-11,1F17,6,Lisa's Rival,16.7,54225,1994,9,6,Sunday,7.84,8.312,15.596,25
106,6.0,1051,3,106,1994-09-25,2F33,6,Another Simpsons Clip Show,13.5,42576,1994,9,6,Sunday,7.9,8.312,15.596,25
107,8.5,1277,4,107,1994-10-02,2F01,6,Itchy & Scratchy Land,14.8,72722,1994,10,6,Sunday,7.98,8.312,15.596,25
108,8.3,1142,5,108,1994-10-09,2F02,6,Sideshow Bob Roberts,14.4,76932,1994,10,6,Sunday,7.96,8.312,15.596,25
109,9.0,1690,6,109,1994-10-30,2F03,6,Treehouse of Horror V,22.2,119295,1994,10,6,Sunday,8.44,8.312,15.596,25
110,8.0,1150,7,110,1994-11-06,2F04,6,Bart's Girlfriend,15.3,62450,1994,11,6,Sunday,8.54,8.312,15.596,25
111,8.4,1236,8,111,1994-11-13,2F05,6,Lisa on Ice,17.9,63564,1994,11,6,Sunday,8.48,8.312,15.596,25
112,9.0,1655,9,112,1994-11-27,2F06,6,Homer Badman,17.0,71577,1994,11,6,Sunday,8.24,8.312,15.596,25
113,8.0,1060,10,113,1994-12-04,2F07,6,Grampa vs. Sexual Inadequacy,14.1,64719,1994,12,6,Sunday,8.42,8.312,15.596,25
114,7.8,1100,11,114,1994-12-18,2F08,6,Fear of Flying,15.6,61569,1994,12,6,Sunday,8.44,8.312,15.596,25
115,8.9,1457,12,115,1995-01-08,2F09,6,Homer the Great,20.1,71002,1995,1,6,Sunday,8.36,8.312,15.596,25
116,8.5,1284,13,116,1995-01-22,2F10,6,And Maggie Makes Three,17.3,63051,1995,1,6,Sunday,8.46,8.312,15.596,25
117,8.6,1221,14,117,1995-02-05,2F11,6,Bart's Comet,18.7,67619,1995,2,6,Sunday,8.6,8.312,15.596,25
118,8.5,1254,15,118,1995-02-12,2F12,6,Homie the Clown,17.6,73123,1995,2,6,Sunday,8.4,8.312,15.596,25
119,8.5,1353,16,119,1995-02-19,2F13,6,Bart vs. Australia,15.1,80724,1995,2,6,Sunday,8.4,8.312,15.596,25
120,7.9,1006,17,120,1995-02-26,2F14,6,Homer vs. Patty and Selma,18.9,60599,1995,2,6,Sunday,8.34,8.312,15.596,25
121,8.5,1223,18,121,1995-03-05,2F31,6,A Star Is Burns,14.4,71936,1995,3,6,Sunday,8.26,8.312,15.596,25
122,8.3,1190,19,122,1995-03-19,2F15,6,Lisa's Wedding,14.4,74266,1995,3,6,Sunday,8.18,8.312,15.596,25
123,8.1,1051,20,123,1995-04-09,2F18,6,Two Dozen and One Greyhounds,11.6,62323,1995,4,6,Sunday,8.26,8.312,15.596,25
124,8.1,1004,21,124,1995-04-16,2F19,6,The PTA Disbands,11.8,74788,1995,4,6,Sunday,8.2,8.312,15.596,25
125,8.3,1084,22,125,1995-04-30,2F32,6,'Round Springfield,12.6,56001,1995,4,6,Sunday,8.26,8.312,15.596,25
126,8.2,1003,23,126,1995-05-07,2F21,6,The Springfield Connection,12.7,79777,1995,5,6,Sunday,8.46,8.312,15.596,25
127,8.6,1285,24,127,1995-05-14,2F22,6,Lemon of Troy,13.1,70698,1995,5,6,Sunday,8.62,8.312,15.596,25
128,9.1,1619,25,128,1995-05-21,2F16,6,Who Shot Mr. Burns? (Part One),15.0,86070,1995,5,6,Sunday,8.62,8.312,15.596,25
129,8.9,1497,1,129,1995-09-17,2F20,7,Who Shot Mr. Burns? (Part Two),16.0,67579,1995,9,6,Sunday,8.64,8.324,14.66,25
130,8.3,1172,2,130,1995-09-24,2F17,7,Radioactive Man,15.7,62390,1995,9,6,Sunday,8.66,8.324,14.66,25
131,8.3,1088,3,131,1995-10-01,3F01,7,Home Sweet Homediddly-Dum-Doodily,14.5,70120,1995,10,6,Sunday,8.54,8.324,14.66,25
132,8.7,1354,4,132,1995-10-08,3F02,7,Bart Sells His Soul,14.8,65333,1995,10,6,Sunday,8.46,8.324,14.66,25
133,8.5,1288,5,133,1995-10-15,3F03,7,Lisa the Vegetarian,14.6,69245,1995,10,6,Sunday,8.6,8.324,14.66,25
134,8.5,1304,6,134,1995-10-29,3F04,7,Treehouse of Horror VI,19.7,110342,1995,10,6,Sunday,8.64,8.324,14.66,25
135,9.0,1633,7,135,1995-11-05,3F05,7,King-Size Homer,17.0,81426,1995,11,6,Sunday,8.5,8.324,14.66,25
136,8.5,1226,8,136,1995-11-19,3F06,7,Mother Simpson,15.3,61085,1995,11,6,Sunday,8.3,8.324,14.66,25
137,8.0,1023,9,137,1995-11-26,3F08,7,Sideshow Bob's Last Gleaming,14.2,61246,1995,11,6,Sunday,8.26,8.324,14.66,25
138,7.5,1038,10,138,1995-12-03,3F31,7,The Simpsons 138th Episode Spectacular,16.4,56153,1995,12,6,Sunday,8.12,8.324,14.66,25
139,8.3,1146,11,139,1995-12-17,3F07,7,Marge Be Not Proud,16.7,68970,1995,12,6,Sunday,8.16,8.324,14.66,25
140,8.3,1064,12,140,1996-01-07,3F10,7,Team Homer,16.7,72268,1996,1,6,Sunday,8.1,8.324,14.66,25
141,8.7,1264,13,141,1996-01-14,3F09,7,Two Bad Neighbors,16.5,64224,1996,1,6,Sunday,8.14,8.324,14.66,25
142,7.7,962,14,142,1996-02-04,3F11,7,Scenes from the Class Struggle in Springfield,14.4,58572,1996,2,6,Sunday,8.1,8.324,14.66,25
143,7.7,954,15,143,1996-02-11,3F12,7,Bart the Fink,15.0,71230,1996,2,6,Sunday,8.22,8.324,14.66,25
144,8.1,1039,16,144,1996-02-18,3F13,7,Lisa the Iconoclast,13.4,58795,1996,2,6,Sunday,8.08,8.324,14.66,25
145,8.9,1609,17,145,1996-02-25,3F14,7,Homer the Smithers,14.1,68354,1996,2,6,Sunday,8.18,8.324,14.66,25
146,8.0,1016,18,146,1996-03-17,3F16,7,The Day the Violence Died,14.4,57809,1996,3,6,Sunday,8.36,8.324,14.66,25
147,8.2,1103,19,147,1996-03-24,3F15,7,A Fish Called Selma,12.9,57830,1996,3,6,Sunday,8.5,8.324,14.66,25
148,8.6,1110,20,148,1996-03-31,3F17,7,Bart on the Road,11.8,70913,1996,3,6,Sunday,8.38,8.324,14.66,25
149,8.8,1393,21,149,1996-04-14,3F18,7,22 Short Films About Springfield,10.5,66536,1996,4,6,Sunday,8.38,8.324,14.66,25
150,8.3,1122,22,150,1996-04-28,3F19,7,"Raging Abe Simpson and His Grumbling Grandson in ""The Curse of the Flying Hellfish""",13.0,69120,1996,4,6,Sunday,8.4,8.324,14.66,25
151,8.0,995,23,151,1996-05-05,3F20,7,Much Apu About Nothing,11.3,75618,1996,5,6,Sunday,8.28,8.324,14.66,25
153,8.3,1119,25,153,1996-05-19,3F22,7,Summer of 4 Ft. 2,14.7,65847,1996,5,6,Sunday,8.18,8.324,14.66,25
152,8.0,1095,24,152,1996-05-19,3F21,7,Homerpalooza,12.9,60569,1996,5,6,Sunday,8.36,8.324,14.66,25
154,8.3,1186,1,154,1996-10-27,4F02,8,Treehouse of Horror VII,18.3,102077,1996,10,6,Sunday,8.36,8.22,14.6,25
155,9.2,2439,2,155,1996-11-03,3F23,8,You Only Move Twice,13.9,79609,1996,11,6,Sunday,8.24,8.22,14.6,25
156,8.0,1085,3,156,1996-11-10,4F03,8,The Homer They Fall,17.0,61146,1996,11,6,Sunday,8.28,8.22,14.6,25
157,7.7,1079,4,157,1996-11-17,4F05,8,"Burns, Baby Burns",12.6,55497,1996,11,6,Sunday,8.22,8.22,14.6,25
158,8.2,1098,5,158,1996-11-24,4F06,8,Bart After Dark,14.1,60210,1996,11,6,Sunday,7.94,8.22,14.6,25
159,8.0,1008,6,159,1996-12-01,4F04,8,A Milhouse Divided,12.8,60956,1996,12,6,Sunday,8.1,8.22,14.6,25
160,7.8,1005,7,160,1996-12-15,4F01,8,Lisa's Date with Density,,60912,1996,12,6,Sunday,8.26,8.22,14.6,25
161,8.8,1268,8,161,1996-12-29,4F07,8,Hurricane Neddy,,66281,1996,12,6,Sunday,8.42,8.22,14.6,25
162,8.5,1383,9,162,1997-01-05,3F24,8,El Viaje Misterioso de Nuestro Jomer (The Mysterious Voyage of Homer),14.9,64743,1997,1,6,Sunday,8.38,8.22,14.6,25
163,9.0,1793,10,163,1997-01-12,3G01,8,The Springfield Files,20.9,69555,1997,1,6,Sunday,8.54,8.22,14.6,25
164,7.8,998,11,164,1997-01-19,4F08,8,The Twisted World of Marge Simpson,14.0,71813,1997,1,6,Sunday,8.32,8.22,14.6,25
165,8.6,1137,12,165,1997-02-02,4F10,8,Mountain of Madness,9.1,60763,1997,2,6,Sunday,8.2,8.22,14.6,25
166,7.7,1088,13,166,1997-02-07,3G03,8,Simpsoncalifragilisticexpiala(Annoyed Grunt)cious,17.7,57608,1997,2,4,Friday,8.18,8.22,14.6,25
167,7.9,1079,14,167,1997-02-09,4F12,8,The Itchy & Scratchy & Poochie Show,15.5,58581,1997,2,6,Sunday,8.26,8.22,14.6,25
168,8.9,1666,15,168,1997-02-16,4F11,8,Homer's Phobia,15.3,63355,1997,2,6,Sunday,8.16,8.22,14.6,25
169,8.2,1100,16,169,1997-02-23,4F14,8,Brother from Another Series,15.1,56659,1997,2,6,Sunday,8.36,8.22,14.6,25
170,8.1,1020,17,170,1997-03-02,4F13,8,"My Sister, My Sitter",15.1,54247,1997,3,6,Sunday,8.42,8.22,14.6,25
171,8.7,1330,18,171,1997-03-16,4F15,8,Homer vs. the Eighteenth Amendment,14.6,83561,1997,3,6,Sunday,8.18,8.22,14.6,25
172,8.2,995,19,172,1997-04-06,4F09,8,Grade School Confidential,13.3,60584,1997,4,6,Sunday,8.12,8.22,14.6,25
173,7.7,913,20,173,1997-04-13,4F16,8,The Canine Mutiny,,54155,1997,4,6,Sunday,8.1,8.22,14.6,25
174,7.9,967,21,174,1997-04-20,4F17,8,The Old Man and the Lisa,14.0,56833,1997,4,6,Sunday,8.2,8.22,14.6,25
175,8.0,973,22,175,1997-04-27,4F18,8,In Marge We Trust,16.9,59088,1997,4,6,Sunday,8.02,8.22,14.6,25
176,9.2,2256,23,176,1997-05-04,4F19,8,Homer's Enemy,11.8,74177,1997,5,6,Sunday,8.04,8.22,14.6,25
177,7.3,1006,24,177,1997-05-11,4F20,8,The Simpsons Spin-Off Showcase,11.6,57926,1997,5,6,Sunday,8.28,8.22,14.6,25
178,7.8,967,25,178,1997-05-18,4F21,8,The Secret War of Lisa Simpson,12.7,59196,1997,5,6,Sunday,8.16,8.22,14.6,25
179,9.1,1918,1,179,1997-09-21,4F22,9,The City of New York vs. Homer Simpson,10.5,62962,1997,9,6,Sunday,7.94,7.844,10.008,25
180,7.4,1158,2,180,1997-09-28,4F23,9,The Principal and the Pauper,14.9,48414,1997,9,6,Sunday,8.1,7.844,10.008,25
181,8.1,980,3,181,1997-10-19,3G02,9,Lisa's Sax,12.9,20008,1997,10,6,Sunday,8.18,7.844,10.008,25
182,8.1,1019,4,182,1997-10-26,5F02,9,Treehouse of Horror VIII,10.9,30963,1997,10,6,Sunday,7.9,7.844,10.008,25
183,8.2,1081,5,183,1997-11-02,5F01,9,The Cartridge Family,10.3,30921,1997,11,6,Sunday,7.96,7.844,10.008,25
184,7.7,925,6,184,1997-11-09,5F03,9,Bart Star,10.6,31033,1997,11,6,Sunday,7.94,7.844,10.008,25
185,7.7,905,7,185,1997-11-16,5F04,9,The Two Mrs. Nahasapeemapetilons,11.4,19419,1997,11,6,Sunday,7.82,7.844,10.008,25
186,8.0,978,8,186,1997-11-23,5F05,9,Lisa the Skeptic,9.3,22318,1997,11,6,Sunday,7.7,7.844,10.008,25
187,7.5,888,9,187,1997-12-07,5F06,9,Realty Bites,10.6,25183,1997,12,6,Sunday,7.18,7.844,10.008,25
188,7.6,958,10,188,1997-12-21,5F07,9,Miracle on Evergreen Terrace,9.6,19899,1997,12,6,Sunday,7.18,7.844,10.008,25
189,5.1,1119,11,189,1998-01-04,5F24,9,"All Singing, All Dancing",8.9,15780,1998,1,6,Sunday,7.22,7.844,10.008,25
190,7.7,938,12,190,1998-01-11,5F08,9,Bart Carny,11.7,22426,1998,1,6,Sunday,7.34,7.844,10.008,25
191,8.2,1042,13,191,1998-02-08,5F23,9,The Joy of Sect,9.4,27710,1998,2,6,Sunday,7.32,7.844,10.008,25
192,8.1,1036,14,192,1998-02-15,5F11,9,Das Bus,9.6,32487,1998,2,6,Sunday,7.82,7.844,10.008,25
193,7.5,878,15,193,1998-02-22,5F10,9,The Last Temptation of Krust,9.5,20298,1998,2,6,Sunday,7.88,7.844,10.008,25
194,7.6,887,16,194,1998-03-01,5F12,9,Dumbbell Indemnity,10.3,21214,1998,3,6,Sunday,7.8,7.844,10.008,25
195,8.0,957,17,195,1998-03-08,4F24,9,Lisa the Simpson,10.4,21608,1998,3,6,Sunday,7.84,7.844,10.008,25
196,7.8,906,18,196,1998-03-22,5F13,9,This Little Wiggy,8.9,20739,1998,3,6,Sunday,7.92,7.844,10.008,25
197,8.3,1026,19,197,1998-03-29,3G04,9,Simpson Tide,9.0,23127,1998,3,6,Sunday,7.98,7.844,10.008,25
198,7.9,949,20,198,1998-04-05,5F14,9,The Trouble with Trillions,7.4,23426,1998,4,6,Sunday,8.08,7.844,10.008,25
199,7.9,905,21,199,1998-04-19,5F15,9,Girly Edition,8.5,21811,1998,4,6,Sunday,8.18,7.844,10.008,25
200,8.5,1108,22,200,1998-04-26,5F09,9,Trash of the Titans,10.2,26299,1998,4,6,Sunday,8.06,7.844,10.008,25
201,8.3,962,23,201,1998-05-03,5F16,9,King of the Hill,9.2,60952,1998,5,6,Sunday,8.1,7.844,10.008,25
202,7.7,880,24,202,1998-05-10,5F17,9,Lost Our Lisa,7.6,55316,1998,5,6,Sunday,8.04,7.844,10.008,25
203,8.1,931,25,203,1998-05-17,5F18,9,Natural Born Kissers,8.6,53823,1998,5,6,Sunday,7.98,7.844,10.008,25
204,7.6,932,1,204,1998-08-23,5F20,10,Lard of the Dance,7.0,56018,1998,8,6,Sunday,7.82,7.57,8.737,23
205,8.2,988,2,205,1998-09-20,5F21,10,The Wizard of Evergreen Terrace,7.95,53216,1998,9,6,Sunday,7.88,7.57,8.737,23
206,7.5,899,3,206,1998-09-27,5F22,10,Bart the Mother,7.35,43240,1998,9,6,Sunday,7.72,7.57,8.737,23
207,8.0,1013,4,207,1998-10-25,AABF01,10,Treehouse of Horror IX,8.5,83169,1998,10,6,Sunday,7.72,7.57,8.737,23
208,7.3,934,5,208,1998-11-08,5F19,10,When You Dish Upon a Star,9.0,43485,1998,11,6,Sunday,7.68,7.57,8.737,23
209,7.6,901,6,209,1998-11-15,AABF02,10,D'oh-in' in the Wind,8.3,45779,1998,11,6,Sunday,7.64,7.57,8.737,23
210,8.0,909,7,210,1998-11-22,AABF03,10,"Lisa Gets an ""A""",8.0,50013,1998,11,6,Sunday,7.68,7.57,8.737,23
211,7.3,863,8,211,1998-12-06,AABF04,10,"Homer Simpson in: ""Kidney Trouble""",7.2,50300,1998,12,6,Sunday,7.78,7.57,8.737,23
212,8.2,975,9,212,1998-12-20,AABF05,10,Mayored to the Mob,8.5,56762,1998,12,6,Sunday,7.8,7.57,8.737,23
213,7.8,928,10,213,1999-01-10,AABF06,10,Viva Ned Flanders,11.5,56561,1999,1,6,Sunday,7.58,7.57,8.737,23
214,7.7,834,11,214,1999-01-17,AABF07,10,Wild Barts Can't Be Broken,8.8,57693,1999,1,6,Sunday,7.66,7.57,8.737,23
215,6.9,880,12,215,1999-01-31,AABF08,10,"Sunday, Cruddy Sunday",11.5,50051,1999,1,6,Sunday,7.48,7.57,8.737,23
216,7.7,882,13,216,1999-02-07,AABF09,10,Homer to the Max,8.3,55726,1999,2,6,Sunday,7.38,7.57,8.737,23
217,7.3,815,14,217,1999-02-14,AABF11,10,I'm with Cupid,7.7,46822,1999,2,6,Sunday,7.34,7.57,8.737,23
218,7.3,831,15,218,1999-02-21,AABF10,10,"Marge Simpson in: ""Screaming Yellow Honkers""",8.6,52778,1999,2,6,Sunday,7.48,7.57,8.737,23
219,7.5,795,16,219,1999-02-28,AABF12,10,Make Room for Lisa,7.6,53449,1999,2,6,Sunday,7.4,7.57,8.737,23
220,7.6,843,17,220,1999-03-28,AABF13,10,Maximum Homerdrive,15.5,54195,1999,3,6,Sunday,7.46,7.57,8.737,23
221,7.3,851,18,221,1999-04-04,AABF14,10,Simpsons Bible Stories,12.2,47155,1999,4,6,Sunday,7.46,7.57,8.737,23
222,7.6,831,19,222,1999-04-11,AABF15,10,Mom and Pop Art,8.5,47851,1999,4,6,Sunday,7.4,7.57,8.737,23
223,7.3,779,20,223,1999-04-25,AABF16,10,"The Old Man and the ""C"" Student",6.9,47550,1999,4,6,Sunday,7.34,7.57,8.737,23
224,7.2,789,21,224,1999-05-02,AABF17,10,Monty Can't Buy Me Love,7.26,44242,1999,5,6,Sunday,7.46,7.57,8.737,23
225,7.3,804,22,225,1999-05-09,AABF18,10,They Saved Lisa's Brain,6.8,47951,1999,5,6,Sunday,7.4,7.57,8.737,23
226,7.9,964,23,226,1999-05-16,AABF20,10,Thirty Minutes over Tokyo,8.0,55947,1999,5,6,Sunday,7.44,7.57,8.737,23
227,7.3,917,1,227,1999-09-26,AABF23,11,Beyond Blunderdome,8.1,34394,1999,9,6,Sunday,7.5,7.291,8.772,22
228,7.5,776,2,228,1999-10-03,AABF22,11,Brother's Little Helper,7.1,44172,1999,10,6,Sunday,7.58,7.291,8.772,22
229,7.5,797,3,229,1999-10-24,AABF21,11,Guess Who's Coming to Criticize Dinner?,6.7,46141,1999,10,6,Sunday,7.52,7.291,8.772,22
230,7.7,876,4,230,1999-10-31,BABF01,11,Treehouse of Horror X,8.7,47980,1999,10,6,Sunday,7.52,7.291,8.772,22
231,7.6,817,5,231,1999-11-07,AABF19,11,E-I-E-I-(Annoyed Grunt),8.4,51431,1999,11,6,Sunday,7.44,7.291,8.772,22
232,7.3,759,6,232,1999-11-14,BABF02,11,"Hello Gutter, Hello Fadder",9.2,44615,1999,11,6,Sunday,7.36,7.291,8.772,22
233,7.1,747,7,233,1999-11-21,BABF03,11,Eight Misbehavin',9.2,40465,1999,11,6,Sunday,7.28,7.291,8.772,22
234,7.1,775,8,234,1999-11-28,BABF05,11,"Take My Wife, Sleaze",8.9,41484,1999,11,6,Sunday,7.22,7.291,8.772,22
235,7.3,809,9,235,1999-12-19,BABF07,11,Grift of the Magi,7.76,48070,1999,12,6,Sunday,7.14,7.291,8.772,22
236,7.3,715,10,236,2000-01-09,BABF04,11,Little Big Mom,10.0,48194,2000,1,6,Sunday,7.18,7.291,8.772,22
237,6.9,734,11,237,2000-01-16,BABF06,11,Faith Off,10.4,43869,2000,1,6,Sunday,7.08,7.291,8.772,22
238,7.3,747,12,238,2000-01-23,BABF08,11,The Mansion Family,11.3,43949,2000,1,6,Sunday,7.2,7.291,8.772,22
239,6.6,822,13,239,2000-02-06,BABF09,11,Saddlesore Galactica,9.6,41259,2000,2,6,Sunday,7.2,7.291,8.772,22
240,7.9,887,14,240,2000-02-13,BABF11,11,"Alone Again, Natura-diddily",10.8,47392,2000,2,6,Sunday,7.28,7.291,8.772,22
241,7.3,777,15,241,2000-02-20,BABF10,11,Missionary: Impossible,9.8,50427,2000,2,6,Sunday,7.22,7.291,8.772,22
242,7.3,755,16,242,2000-02-27,BABF12,11,Pygmoelian,9.4,52891,2000,2,6,Sunday,7.38,7.291,8.772,22
243,7.0,780,17,243,2000-03-19,BABF13,11,Bart to the Future,8.77,75315,2000,3,6,Sunday,7.12,7.291,8.772,22
244,7.4,724,18,244,2000-04-09,BABF14,11,Days of Wine and D'oh'ses,8.3,48786,2000,4,6,Sunday,7.1,7.291,8.772,22
245,6.6,805,19,245,2000-04-30,BABF16,11,Kill the Alligator and Run,7.46,52176,2000,4,6,Sunday,7.1,7.291,8.772,22
246,7.2,716,20,246,2000-05-07,BABF15,11,Last Tap Dance in Springfield,7.3,47061,2000,5,6,Sunday,7.28,7.291,8.772,22
247,7.3,737,21,247,2000-05-14,BABF18,11,"It's a Mad, Mad, Mad, Mad Marge",7.5,54146,2000,5,6,Sunday,7.32,7.291,8.772,22
248,7.9,955,22,248,2000-05-21,BABF19,11,Behind the Laughter,8.3,74046,2000,5,6,Sunday,7.48,7.291,8.772,22
249,7.6,829,1,249,2000-11-01,BABF21,12,Treehouse of Horror XI,13.2,77719,2000,11,2,Wednesday,7.46,7.362,15.486,21
250,7.4,803,2,250,2000-11-05,BABF20,12,A Tale of Two Springfields,16.2,40990,2000,11,6,Sunday,7.44,7.362,15.486,21
251,7.1,733,3,251,2000-11-12,BABF17,12,Insane Clown Poppy,16.4,40443,2000,11,6,Sunday,7.3,7.362,15.486,21
252,7.2,731,4,252,2000-11-19,CABF01,12,Lisa the Tree Hugger,14.9,39480,2000,11,6,Sunday,7.32,7.362,15.486,21
253,7.2,762,5,253,2000-11-26,CABF04,12,Homer vs. Dignity,15.0,44005,2000,11,6,Sunday,7.3,7.362,15.486,21
254,7.7,782,6,254,2000-12-03,CABF02,12,The Computer Wore Menace Shoes,15.6,51100,2000,12,6,Sunday,7.48,7.362,15.486,21
255,7.3,766,7,255,2000-12-10,CABF03,12,The Great Money Caper,16.8,49325,2000,12,6,Sunday,7.64,7.362,15.486,21
256,8.0,836,8,256,2000-12-17,CABF06,12,Skinner's Sense of Snow,15.9,56755,2000,12,6,Sunday,7.66,7.362,15.486,21
257,8.0,899,9,257,2001-01-07,BABF22,12,HOMR,18.5,68784,2001,1,6,Sunday,7.62,7.362,15.486,21
258,7.3,760,10,258,2001-01-14,CABF05,12,Pokey Mom,15.0,51024,2001,1,6,Sunday,7.54,7.362,15.486,21
259,7.5,761,11,259,2001-02-04,CABF08,12,Worst Episode Ever,18.5,49893,2001,2,6,Sunday,7.38,7.362,15.486,21
260,6.9,730,12,260,2001-02-11,CABF07,12,Tennis the Menace,14.0,51004,2001,2,6,Sunday,7.22,7.362,15.486,21
261,7.2,668,13,261,2001-02-18,CABF10,12,Day of the Jackanapes,15.4,49986,2001,2,6,Sunday,7.24,7.362,15.486,21
262,7.2,833,14,262,2001-02-25,CABF12,12,New Kids on the Blecch,18.1,50903,2001,2,6,Sunday,7.04,7.362,15.486,21
263,7.4,731,15,263,2001-03-04,CABF09,12,"Hungry, Hungry Homer",17.6,49811,2001,3,6,Sunday,7.04,7.362,15.486,21
264,6.5,691,16,264,2001-03-11,CABF11,12,"Bye, Bye, Nerdie",16.1,45718,2001,3,6,Sunday,7.32,7.362,15.486,21
265,6.9,719,17,265,2001-04-01,CABF13,12,Simpson Safari,13.3,49065,2001,4,6,Sunday,7.34,7.362,15.486,21
266,8.6,1095,18,266,2001-04-29,CABF14,12,Trilogy of Error,14.4,53728,2001,4,6,Sunday,7.32,7.362,15.486,21
267,7.3,721,19,267,2001-05-06,CABF15,12,I'm Goin' to Praiseland,13.1,49321,2001,5,6,Sunday,7.42,7.362,15.486,21
268,7.3,666,20,268,2001-05-13,CABF16,12,Children of a Lesser Clod,13.8,50070,2001,5,6,Sunday,7.54,7.362,15.486,21
269,7.0,688,21,269,2001-05-20,CABF17,12,Simpsons Tall Tales,13.4,56698,2001,5,6,Sunday,7.24,7.362,15.486,21
270,7.5,824,1,270,2001-11-06,CABF19,13,Treehouse of Horror XII,13.0,77136,2001,11,1,Tuesday,7.22,7.141,12.464,22
271,7.1,674,2,271,2001-11-11,CABF22,13,The Parent Rap,14.9,47251,2001,11,6,Sunday,7.2,7.141,12.464,22
272,7.2,698,3,272,2001-11-18,CABF20,13,Homer the Moe,14.4,44651,2001,11,6,Sunday,7.34,7.141,12.464,22
273,7.2,651,4,273,2001-12-02,CABF18,13,A Hunka Hunka Burns in Love,13.4,37376,2001,12,6,Sunday,7.26,7.141,12.464,22
274,7.7,716,5,274,2001-12-09,CABF21,13,The Blunder Years,12.9,45288,2001,12,6,Sunday,7.22,7.141,12.464,22
275,7.1,692,6,275,2001-12-16,DABF02,13,She of Little Faith,13.2,45824,2001,12,6,Sunday,7.18,7.141,12.464,22
276,6.9,649,7,276,2002-01-06,DABF01,13,Brawl in the Family,11.8,45684,2002,1,6,Sunday,7.2,7.141,12.464,22
277,7.0,649,8,277,2002-01-20,DABF03,13,Sweets and Sour Marge,12.3,54348,2002,1,6,Sunday,7.16,7.141,12.464,22
278,7.3,642,9,278,2002-01-27,DABF05,13,Jaws Wired Shut,14.2,49429,2002,1,6,Sunday,7.16,7.141,12.464,22
279,7.5,683,10,279,2002-02-10,DABF04,13,Half-Decent Proposal,13.2,42977,2002,2,6,Sunday,7.08,7.141,12.464,22
280,7.1,621,11,280,2002-02-17,DABF06,13,The Bart Wants What It Wants,11.2,45176,2002,2,6,Sunday,6.98,7.141,12.464,22
281,6.5,656,12,281,2002-02-24,DABF07,13,The Lastest Gun in the West,13.2,44787,2002,2,6,Sunday,6.98,7.141,12.464,22
282,6.5,623,13,282,2002-03-10,DABF09,13,The Old Man and the Key,14.5,41049,2002,3,6,Sunday,6.88,7.141,12.464,22
283,7.3,630,14,283,2002-03-17,DABF08,13,Tales from the Public Domain,11.7,50301,2002,3,6,Sunday,7.0,7.141,12.464,22
284,7.0,670,15,284,2002-03-31,DABF10,13,Blame It on Lisa,11.1,50694,2002,3,6,Sunday,6.82,7.141,12.464,22
285,7.7,765,16,285,2002-04-07,DABF11,13,Weekend at Burnsie's,12.5,54539,2002,4,6,Sunday,7.06,7.141,12.464,22
286,5.6,721,17,286,2002-04-21,DABF12,13,Gump Roast,12.3,46335,2002,4,6,Sunday,6.98,7.141,12.464,22
287,7.7,704,18,287,2002-04-28,DABF13,13,I Am Furious (Yellow),12.4,69650,2002,4,6,Sunday,7.02,7.141,12.464,22
288,6.9,598,19,288,2002-05-05,DABF14,13,The Sweetest Apu,11.8,47193,2002,5,6,Sunday,6.9,7.141,12.464,22
289,7.2,613,20,289,2002-05-12,DABF15,13,Little Girl in the Big Ten,11.2,46466,2002,5,6,Sunday,7.38,7.141,12.464,22
290,7.1,642,21,290,2002-05-19,DABF16,13,The Frying Game,10.8,48954,2002,5,6,Sunday,7.36,7.141,12.464,22
291,8.0,701,22,291,2002-05-22,DABF17,13,Poppa's Got a Brand New Badge,8.2,53639,2002,5,2,Wednesday,7.44,7.141,12.464,22
292,7.6,752,1,292,2002-11-03,DABF19,14,Treehouse of Horror XIII,16.7,71817,2002,11,6,Sunday,7.4,7.077,14.378,22
293,7.3,713,2,293,2002-11-10,DABF22,14,How I Spent My Strummer Vacation,12.5,35578,2002,11,6,Sunday,7.4,7.077,14.378,22
294,7.0,645,3,294,2002-11-17,DABF20,14,Bart vs. Lisa vs. the Third Grade,13.3,43130,2002,11,6,Sunday,7.16,7.077,14.378,22
295,7.1,704,4,295,2002-11-24,DABF18,14,Large Marge,17.4,55369,2002,11,6,Sunday,7.1,7.077,14.378,22
296,6.8,633,5,296,2002-12-01,DABF21,14,Helter Shelter,15.1,42907,2002,12,6,Sunday,7.06,7.077,14.378,22
297,7.3,628,6,297,2002-12-15,EABF01,14,The Great Louse Detective,15.5,48110,2002,12,6,Sunday,7.12,7.077,14.378,22
298,7.1,593,7,298,2003-01-05,EABF02,14,Special Edna,15.0,40867,2003,1,6,Sunday,7.08,7.077,14.378,22
299,7.3,598,8,299,2003-01-12,EABF03,14,The Dad Who Knew Too Little,12.8,47170,2003,1,6,Sunday,7.08,7.077,14.378,22
300,6.9,644,9,300,2003-02-02,EABF04,14,The Strong Arms of the Ma,15.4,51877,2003,2,6,Sunday,7.08,7.077,14.378,22
301,6.8,598,10,301,2003-02-09,EABF06,14,Pray Anything,13.4,46336,2003,2,6,Sunday,6.98,7.077,14.378,22
303,7.3,628,12,303,2003-02-16,EABF07,14,I'm Spelling As Fast As I Can,22.1,42885,2003,2,6,Sunday,6.94,7.077,14.378,22
302,6.6,650,11,302,2003-02-16,EABF05,14,Barting Over,21.3,47276,2003,2,6,Sunday,6.94,7.077,14.378,22
304,7.1,599,13,304,2003-03-02,EABF08,14,A Star Is Born-Again,14.4,42185,2003,3,6,Sunday,7.04,7.077,14.378,22
305,6.9,577,14,305,2003-03-09,EABF09,14,Mr. Spritz Goes to Washington,14.4,44837,2003,3,6,Sunday,7.0,7.077,14.378,22
306,7.3,557,15,306,2003-03-16,EABF10,14,C.E.D'oh,13.0,47386,2003,3,6,Sunday,7.12,7.077,14.378,22
307,7.1,555,16,307,2003-03-30,EABF11,14,'Scuse Me While I Miss the Sky,12.6,43756,2003,3,6,Sunday,7.1,7.077,14.378,22
308,7.2,649,17,308,2003-04-13,EABF12,14,Three Gays of the Condo,12.02,49263,2003,4,6,Sunday,7.08,7.077,14.378,22
309,7.0,651,18,309,2003-04-27,EABF13,14,"Dude, Where's My Ranch?",11.71,49000,2003,4,6,Sunday,7.0,7.077,14.378,22
310,6.8,574,19,310,2003-05-04,EABF14,14,Old Yeller-Belly,11.59,43223,2003,5,6,Sunday,7.12,7.077,14.378,22
311,6.9,570,20,311,2003-05-11,EABF15,14,"Brake My Wife, Please",10.56,47288,2003,5,6,Sunday,7.0,7.077,14.378,22
313,7.7,697,22,313,2003-05-18,EABF17,14,Moe Baby Blues,13.44,45931,2003,5,6,Sunday,7.08,7.077,14.378,22
312,6.6,575,21,312,2003-05-18,EABF16,14,The Bart of War,12.1,50464,2003,5,6,Sunday,7.18,7.077,14.378,22
314,7.4,738,1,314,2003-11-02,EABF21,15,Treehouse of Horror XIV,16.22,68381,2003,11,6,Sunday,7.2,7.045,10.987,22
315,7.3,595,2,315,2003-11-09,EABF18,15,My Mother the Carjacker,12.4,34590,2003,11,6,Sunday,7.08,7.045,10.987,22
316,7.0,631,3,316,2003-11-16,EABF20,15,The President Wore Pearls,12.7,37456,2003,11,6,Sunday,7.2,7.045,10.987,22
317,7.1,705,4,317,2003-11-23,EABF22,15,The Regina Monologues,12.2,43134,2003,11,6,Sunday,7.04,7.045,10.987,22
318,7.2,586,5,318,2003-11-30,EABF19,15,The Fat and the Furriest,11.7,39180,2003,11,6,Sunday,7.02,7.045,10.987,22
319,6.6,576,6,319,2003-12-07,FABF01,15,Today I Am a Clown,10.5,37890,2003,12,6,Sunday,6.96,7.045,10.987,22
320,7.2,588,7,320,2003-12-14,FABF02,15,'Tis the Fifteenth Season,11.3,40667,2003,12,6,Sunday,7.0,7.045,10.987,22
321,6.7,589,8,321,2004-01-04,FABF03,15,"Marge vs. Singles, Seniors, Childless Couples and Teens and Gays",12.0,50276,2004,1,6,Sunday,7.02,7.045,10.987,22
322,7.3,607,9,322,2004-01-11,FABF04,15,"I, (Annoyed Grunt)-bot",16.3,42776,2004,1,6,Sunday,7.12,7.045,10.987,22
323,7.3,596,10,323,2004-01-25,FABF05,15,Diatribe of a Mad Housewife,10.6,45062,2004,1,6,Sunday,7.14,7.045,10.987,22
324,7.1,575,11,324,2004-02-08,FABF06,15,Margical History Tour,8.9,42492,2004,2,6,Sunday,7.22,7.045,10.987,22
325,7.3,583,12,325,2004-02-15,FABF07,15,Milhouse Doesn't Live Here Anymore,9.4,46792,2004,2,6,Sunday,7.14,7.045,10.987,22
326,7.1,589,13,326,2004-02-22,FABF09,15,Smart & Smarter,12.6,43969,2004,2,6,Sunday,7.06,7.045,10.987,22
327,6.9,568,14,327,2004-03-14,FABF08,15,The Ziff Who Came to Dinner,10.7,43747,2004,3,6,Sunday,7.02,7.045,10.987,22
328,6.9,560,15,328,2004-03-21,FABF10,15,Co-Dependents' Day,11.2,47246,2004,3,6,Sunday,6.9,7.045,10.987,22
329,6.9,599,16,329,2004-03-28,FABF11,15,The Wandering Juvie,10.5,44539,2004,3,6,Sunday,6.88,7.045,10.987,22
330,6.7,560,17,330,2004-04-18,FABF12,15,My Big Fat Geek Wedding,9.2,42440,2004,4,6,Sunday,6.96,7.045,10.987,22
331,7.0,609,18,331,2004-04-25,FABF14,15,Catch 'Em If You Can,9.3,47274,2004,4,6,Sunday,7.04,7.045,10.987,22
332,7.3,600,19,332,2004-05-02,FABF15,15,Simple Simpson,9.5,46273,2004,5,6,Sunday,6.9,7.045,10.987,22
333,7.3,587,20,333,2004-05-09,FABF13,15,The Way We Weren't,6.6,43128,2004,5,6,Sunday,7.0,7.045,10.987,22
334,6.2,593,21,334,2004-05-16,FABF17,15,Bart-Mangled Banner,8.7,56275,2004,5,6,Sunday,7.08,7.045,10.987,22
335,7.2,553,22,335,2004-05-23,FABF18,15,Fraudcast News,9.2,44954,2004,5,6,Sunday,7.02,7.045,10.987,22
336,7.4,666,1,336,2004-11-07,FABF23,16,Treehouse of Horror XV,11.29,72271,2004,11,6,Sunday,6.98,7.043,10.373,21
337,7.0,566,2,337,2004-11-14,FABF20,16,All's Fair in Oven War,11.64,41064,2004,11,6,Sunday,7.06,7.043,10.373,21
338,7.1,556,3,338,2004-11-21,FABF19,16,Sleeping with the Enemy,9.95,40958,2004,11,6,Sunday,7.04,7.043,10.373,21
339,6.6,562,4,339,2004-12-05,FABF22,16,She Used to Be My Girl,10.81,38908,2004,12,6,Sunday,7.02,7.043,10.373,21
340,7.1,539,5,340,2004-12-12,FABF21,16,Fat Man and Little Boy,10.31,44210,2004,12,6,Sunday,7.02,7.043,10.373,21
341,7.3,554,6,341,2005-01-16,FABF16,16,Midnight Rx,8.11,43118,2005,1,6,Sunday,6.88,7.043,10.373,21
342,7.0,523,7,342,2005-01-30,GABF01,16,Mommie Beerest,9.97,46256,2005,1,6,Sunday,6.92,7.043,10.373,21
343,6.4,582,8,343,2005-02-06,GABF02,16,Homer and Ned's Hail Mary Pass,23.07,43356,2005,2,6,Sunday,6.92,7.043,10.373,21
344,6.8,607,9,344,2005-02-13,GABF03,16,Pranksta Rap,8.01,42759,2005,2,6,Sunday,6.84,7.043,10.373,21
345,7.1,580,10,345,2005-02-20,GABF04,16,There's Something About Marrying,10.39,49371,2005,2,6,Sunday,6.84,7.043,10.373,21
346,6.9,572,11,346,2005-03-06,GABF05,16,On a Clear Day I Can't See My Sister,10.39,46309,2005,3,6,Sunday,6.96,7.043,10.373,21
347,7.0,586,12,347,2005-03-13,GABF06,16,Goo Goo Gai Pan,10.28,44914,2005,3,6,Sunday,6.98,7.043,10.373,21
348,7.0,530,13,348,2005-03-20,GABF07,16,Mobile Homer,8.49,45489,2005,3,6,Sunday,7.02,7.043,10.373,21
349,6.9,535,14,349,2005-04-03,GABF08,16,The Seven-Beer Snitch,7.48,45174,2005,4,6,Sunday,7.12,7.043,10.373,21
350,7.3,615,15,350,2005-04-17,GABF12,16,Future-Drama,8.31,53146,2005,4,6,Sunday,7.16,7.043,10.373,21
351,7.4,661,16,351,2005-05-01,GABF10,16,Don't Fear the Roofer,11.92,41620,2005,5,6,Sunday,7.12,7.043,10.373,21
352,7.2,562,17,352,2005-05-01,GABF11,16,The Heartbroke Kid,10.79,50610,2005,5,6,Sunday,7.2,7.043,10.373,21
353,6.8,554,18,353,2005-05-08,GABF13,16,A Star Is Torn,8.72,44500,2005,5,6,Sunday,7.16,7.043,10.373,21
354,7.3,575,19,354,2005-05-08,GABF14,16,Thank God It's Doomsday,10.05,46504,2005,5,6,Sunday,7.12,7.043,10.373,21
355,7.1,546,20,355,2005-05-15,GABF15,16,Home Away from Homer,8.17,44606,2005,5,6,Sunday,6.94,7.043,10.373,21
356,7.2,635,21,356,2005-05-15,GABF09,16,"The Father, the Son, and the Holy Guest Star",9.69,48303,2005,5,6,Sunday,6.96,7.043,10.373,21
357,6.3,618,1,357,2005-09-11,GABF18,17,The Bonfire of the Manatees,11.1,33933,2005,9,6,Sunday,6.9,6.864,9.549,22
358,6.9,585,2,358,2005-09-18,GABF16,17,The Girl Who Slept Too Little,9.79,35717,2005,9,6,Sunday,6.94,6.864,9.549,22
359,7.0,558,3,359,2005-09-25,GABF19,17,Milhouse of Sand and Fog,10.19,35779,2005,9,6,Sunday,6.88,6.864,9.549,22
360,7.3,646,4,360,2005-11-06,GABF17,17,Treehouse of Horror XVI,11.63,74401,2005,11,6,Sunday,7.0,6.864,9.549,22
361,6.9,578,5,361,2005-11-13,GABF20,17,Marge's Son Poisoning,11.4,39428,2005,11,6,Sunday,6.96,6.864,9.549,22
362,6.9,543,6,362,2005-11-20,GABF21,17,See Homer Run,10.3,40306,2005,11,6,Sunday,6.96,6.864,9.549,22
363,6.7,560,7,363,2005-11-27,GABF22,17,The Last of the Red Hat Mamas,11.46,39577,2005,11,6,Sunday,6.88,6.864,9.549,22
364,7.0,706,8,364,2005-12-11,HABF02,17,The Italian Bob,10.39,45513,2005,12,6,Sunday,6.84,6.864,9.549,22
365,6.9,553,9,365,2005-12-18,HABF01,17,Simpsons Christmas Stories,9.8,43082,2005,12,6,Sunday,6.86,6.864,9.549,22
366,6.7,554,10,366,2006-01-08,HABF03,17,Homer's Paternity Coot,10.1,39552,2006,1,6,Sunday,6.8,6.864,9.549,22
367,7.0,535,11,367,2006-01-29,HABF04,17,We're on the Road to D'ohwhere,9.04,43599,2006,1,6,Sunday,6.88,6.864,9.549,22
368,6.4,597,12,368,2006-02-26,HABF05,17,My Fair Laddy,9.51,39745,2006,2,6,Sunday,6.9,6.864,9.549,22
369,7.4,642,13,369,2006-03-12,HABF06,17,The Seemingly Never-Ending Story,9.72,48854,2006,3,6,Sunday,6.86,6.864,9.549,22
370,7.0,558,14,370,2006-03-19,HABF07,17,Bart Has Two Mommies,8.75,44012,2006,3,6,Sunday,6.78,6.864,9.549,22
371,6.5,854,15,371,2006-03-26,HABF08,17,"Homer Simpson, This Is Your Wife",10.09,41323,2006,3,6,Sunday,6.94,6.864,9.549,22
372,6.6,577,16,372,2006-04-02,HABF09,17,Million-Dollar Abie,7.83,42303,2006,4,6,Sunday,6.8,6.864,9.549,22
373,7.2,677,17,373,2006-04-09,HABF10,17,"Kiss Kiss, Bang Bangalore",8.2,47829,2006,4,6,Sunday,6.84,6.864,9.549,22
374,6.7,549,18,374,2006-04-23,HABF11,17,The Wettest Stories Ever Told,7.04,42280,2006,4,6,Sunday,6.88,6.864,9.549,22
375,7.2,582,19,375,2006-04-30,HABF12,17,Girls Just Want to Have Sums,8.7,45267,2006,4,6,Sunday,6.98,6.864,9.549,22
376,6.7,558,20,376,2006-05-07,HABF13,17,Regarding Margie,8.5,43162,2006,5,6,Sunday,6.86,6.864,9.549,22
377,7.1,596,21,377,2006-05-14,HABF14,17,The Monkey Suit,8.3,48419,2006,5,6,Sunday,7.02,6.864,9.549,22
378,6.6,587,22,378,2006-05-21,HABF16,17,Marge and Homer Turn a Couple Play,8.23,42778,2006,5,6,Sunday,6.92,6.864,9.549,22
379,7.5,754,1,379,2006-09-10,HABF15,18,"The Mook, the Chef, the Wife and Her Homer",11.5,41321,2006,9,6,Sunday,6.94,7.0,9.15,22
380,6.7,671,2,380,2006-09-17,HABF18,18,Jazzy and the Pussycats,8.94,33495,2006,9,6,Sunday,6.94,7.0,9.15,22
381,6.8,623,3,381,2006-09-24,HABF20,18,"Please Homer, Don't Hammer 'Em",9.72,41865,2006,9,6,Sunday,7.0,7.0,9.15,22
382,7.1,723,4,382,2006-11-05,HABF17,18,Treehouse of Horror XVII,10.43,68799,2006,11,6,Sunday,6.86,7.0,9.15,22
383,6.9,656,5,383,2006-11-12,HABF21,18,G.I. (Annoyed Grunt),11.43,42160,2006,11,6,Sunday,6.92,7.0,9.15,22
384,6.8,605,6,384,2006-11-19,HABF19,18,Moe'N'a Lisa,9.31,37177,2006,11,6,Sunday,7.0,7.0,9.15,22
385,7.0,603,7,385,2006-11-26,HABF22,18,Ice Cream of Margie (with the Light Blue Hair),10.9,43032,2006,11,6,Sunday,6.86,7.0,9.15,22
386,7.2,578,8,386,2006-12-10,JABF02,18,The Haw-Hawed Couple,8.29,41161,2006,12,6,Sunday,6.8,7.0,9.15,22
387,6.4,624,9,387,2006-12-17,JABF01,18,"Kill Gil, Volumes I & II",8.96,43700,2006,12,6,Sunday,6.84,7.0,9.15,22
388,6.6,615,10,388,2007-01-07,JABF03,18,The Wife Aquatic,13.9,41312,2007,1,6,Sunday,6.84,7.0,9.15,22
389,7.0,580,11,389,2007-01-28,JABF05,18,Revenge Is a Dish Best Served Three Times,8.09,67621,2007,1,6,Sunday,6.86,7.0,9.15,22
390,7.0,672,12,390,2007-02-11,JABF04,18,Little Big Girl,8.27,52730,2007,2,6,Sunday,7.0,7.0,9.15,22
391,7.3,617,13,391,2007-02-18,JABF07,18,Springfield Up,8.8,45036,2007,2,6,Sunday,6.94,7.0,9.15,22
392,7.1,644,14,392,2007-03-04,JABF09,18,Yokel Chords,9.09,41561,2007,3,6,Sunday,6.98,7.0,9.15,22
393,6.3,606,15,393,2007-03-11,JABF08,18,Rome-Old and Juli-Eh,8.98,41751,2007,3,6,Sunday,7.04,7.0,9.15,22
394,7.2,610,16,394,2007-03-25,JABF06,18,Homerazzi,6.91,42602,2007,3,6,Sunday,6.84,7.0,9.15,22
395,7.3,678,17,395,2007-04-22,JABF10,18,Marge Gamer,6.4,47107,2007,4,6,Sunday,6.84,7.0,9.15,22
396,6.3,585,18,396,2007-04-29,JABF11,18,The Boys of Bummer,7.57,44770,2007,4,6,Sunday,6.98,7.0,9.15,22
397,7.1,542,19,397,2007-05-06,JABF13,18,Crook and Ladder,7.72,46262,2007,5,6,Sunday,7.16,7.0,9.15,22
398,7.0,569,20,398,2007-05-13,JABF12,18,Stop! Or My Dog Will Shoot,6.48,42892,2007,5,6,Sunday,7.16,7.0,9.15,22
399,8.1,1179,21,399,2007-05-20,JABF14,18,24 Minutes,9.8,45026,2007,5,6,Sunday,7.24,7.0,9.15,22
400,7.3,692,22,400,2007-05-20,JABF15,18,You Kent Always Say What You Want,9.8,45281,2007,5,6,Sunday,7.16,7.0,9.15,22
401,6.7,706,1,401,2007-09-23,JABF20,19,He Loves to Fly and He D'ohs,9.7,36253,2007,9,6,Sunday,7.2,6.935,8.28,20
402,6.7,684,2,402,2007-09-30,JABF18,19,The Homer of Seville,8.4,33792,2007,9,6,Sunday,6.96,6.935,8.28,20
403,7.2,637,3,403,2007-10-07,JABF21,19,Midnight Towboy,7.7,35926,2007,10,6,Sunday,6.92,6.935,8.28,20
404,6.9,620,4,404,2007-10-14,JABF19,19,I Don't Wanna Know Why the Caged Bird Sings,8.8,35850,2007,10,6,Sunday,6.92,6.935,8.28,20
405,7.1,687,5,405,2007-11-04,JABF16,19,Treehouse of Horror XVIII,11.7,69957,2007,11,6,Sunday,7.0,6.935,8.28,20
406,6.7,591,6,406,2007-11-11,JABF22,19,Little Orphan Millie,10.57,39369,2007,11,6,Sunday,6.98,6.935,8.28,20
407,7.1,762,7,407,2007-11-18,JABF17,19,Husbands and Knives,10.5,44445,2007,11,6,Sunday,7.24,6.935,8.28,20
408,7.1,673,8,408,2007-11-25,KABF01,19,Funeral for a Fiend,9.0,42596,2007,11,6,Sunday,7.2,6.935,8.28,20
409,8.2,949,9,409,2007-12-16,KABF02,19,Eternal Moonshine of the Simpson Mind,10.15,44862,2007,12,6,Sunday,7.12,6.935,8.28,20
410,6.9,633,10,410,2008-01-06,KABF03,19,E Pluribus Wiggum,8.2,44512,2008,1,6,Sunday,7.02,6.935,8.28,20
411,6.3,1069,11,411,2008-01-27,KABF04,19,That '90s Show,7.6,43485,2008,1,6,Sunday,7.14,6.935,8.28,20
412,6.6,636,12,412,2008-02-17,KABF05,19,"Love, Springfieldian Style",7.81,40507,2008,2,6,Sunday,6.96,6.935,8.28,20
413,7.7,788,13,413,2008-03-02,KABF06,19,The Debarted,8.18,42141,2008,3,6,Sunday,6.92,6.935,8.28,20
414,7.3,626,14,414,2008-03-09,KABF07,19,Dial 'N' for Nerder,7.3,41658,2008,3,6,Sunday,6.88,6.935,8.28,20
415,6.7,580,15,415,2008-03-30,KABF08,19,Smoke on the Daughter,7.1,41735,2008,3,6,Sunday,6.94,6.935,8.28,20
416,6.1,585,16,416,2008-04-13,KABF09,19,Papa Don't Leech,6.9,39238,2008,4,6,Sunday,6.8,6.935,8.28,20
417,6.9,601,17,417,2008-04-27,KABF10,19,Apocalypse Cow,7.69,41118,2008,4,6,Sunday,6.76,6.935,8.28,20
418,7.0,585,18,418,2008-05-04,KABF11,19,Any Given Sundance,6.18,41440,2008,5,6,Sunday,6.7,6.935,8.28,20
419,7.1,613,19,419,2008-05-11,KABF12,19,Mona Leaves-a,6.02,39443,2008,5,6,Sunday,6.92,6.935,8.28,20
420,6.4,538,20,420,2008-05-18,KABF13,19,All About Lisa,6.11,44616,2008,5,6,Sunday,6.92,6.935,8.28,20
421,7.2,780,1,421,2008-09-28,KABF17,20,"Sex, Pies and Idiot Scrapes",9.3,45735,2008,9,6,Sunday,6.92,6.895,7.07,21
422,6.9,681,2,422,2008-10-05,KABF15,20,Lost Verizon,7.43,38186,2008,10,6,Sunday,6.92,6.895,7.07,21
423,7.0,638,3,423,2008-10-19,KABF14,20,"Double, Double, Boy in Trouble",8.09,45781,2008,10,6,Sunday,6.96,6.895,7.07,21
424,7.1,757,4,424,2008-11-02,KABF16,20,Treehouse of Horror XIX,12.48,21509,2008,11,6,Sunday,6.94,6.895,7.07,21
425,6.6,615,5,425,2008-11-09,KABF18,20,Dangerous Curves,8.16,40078,2008,11,6,Sunday,6.98,6.895,7.07,21
426,7.1,599,6,426,2008-11-16,KABF19,20,Homer and Lisa Exchange Cross Words,8.52,38879,2008,11,6,Sunday,6.9,6.895,7.07,21
427,7.1,728,7,427,2008-11-30,KABF20,20,MyPods and Boomsticks,7.8,40353,2008,11,6,Sunday,6.66,6.895,7.07,21
428,6.6,615,8,428,2008-12-07,KABF21,20,The Burns and the Bees,6.19,38247,2008,12,6,Sunday,6.74,6.895,7.07,21
429,5.9,706,9,429,2009-01-25,KABF22,20,Lisa the Drama Queen,5.75,38582,2009,1,6,Sunday,6.72,6.895,7.07,21
430,7.0,591,10,430,2009-02-15,LABF01,20,"Take My Life, Please",6.82,40679,2009,2,6,Sunday,6.7,6.895,7.07,21
431,7.0,603,11,431,2009-03-01,LABF02,20,How the Test Was Won,6.52,41271,2009,3,6,Sunday,6.82,6.895,7.07,21
432,7.0,582,12,432,2009-03-08,LABF03,20,"No Loan Again, Naturally",5.99,41165,2009,3,6,Sunday,6.9,6.895,7.07,21
433,7.2,652,13,433,2009-03-15,LABF04,20,Gone Maggie Gone,5.99,43663,2009,3,6,Sunday,6.86,6.895,7.07,21
434,6.3,619,14,434,2009-03-22,LABF11,20,In the Name of the Grandfather,6.15,45727,2009,3,6,Sunday,6.9,6.895,7.07,21
435,6.8,571,15,435,2009-03-29,LABF05,20,Wedding for Disaster,6.58,43254,2009,3,6,Sunday,6.94,6.895,7.07,21
436,7.2,604,16,436,2009-04-05,LABF06,20,Eeny Teeny Maya Moe,6.5,40864,2009,4,6,Sunday,6.9,6.895,7.07,21
437,7.2,605,17,437,2009-04-19,LABF07,20,"The Good, the Sad and the Drugly",6.5,45179,2009,4,6,Sunday,7.06,6.895,7.07,21
438,7.0,554,18,438,2009-04-26,LABF08,20,Father Knows Worst,5.94,42390,2009,4,6,Sunday,6.96,6.895,7.07,21
439,7.1,613,19,439,2009-05-03,LABF10,20,"Waverly Hills, 9-0-2-1-D'oh",6.75,45032,2009,5,6,Sunday,6.96,6.895,7.07,21
440,6.3,591,20,440,2009-05-10,LABF09,20,Four Great Women and a Manicure,5.16,44718,2009,5,6,Sunday,6.94,6.895,7.07,21
441,7.2,648,21,441,2009-05-17,LABF12,20,Coming to Homerica,5.86,6477,2009,5,6,Sunday,6.86,6.895,7.07,21
442,7.1,698,1,442,2009-09-27,LABF13,21,Homer the Whopper,8.31,39936,2009,9,6,Sunday,6.7,6.822,7.135,23
443,6.6,585,2,443,2009-10-04,LABF15,21,Bart Gets a 'Z',9.32,38196,2009,10,6,Sunday,6.9,6.822,7.135,23
444,6.3,562,3,444,2009-10-11,LABF16,21,The Great Wife Hope,7.5,39134,2009,10,6,Sunday,6.8,6.822,7.135,23
445,7.3,671,4,445,2009-10-18,LABF14,21,Treehouse of Horror XX,8.59,66209,2009,10,6,Sunday,6.72,6.822,7.135,23
446,6.7,560,5,446,2009-11-15,LABF17,21,The Devil Wears Nada,9.04,42893,2009,11,6,Sunday,6.76,6.822,7.135,23
447,6.7,543,6,447,2009-11-22,LABF18,21,Pranks and Greens,7.03,,2009,11,6,Sunday,6.94,6.822,7.135,23
448,6.8,529,7,448,2009-11-29,LABF19,21,Rednecks and Broomsticks,9.02,37909,2009,11,6,Sunday,6.84,6.822,7.135,23
449,7.2,542,8,449,2009-12-13,MABF01,21,"O Brother, Where Bart Thou?",7.11,38097,2009,12,6,Sunday,6.84,6.822,7.135,23
450,6.8,481,9,450,2010-01-03,MABF02,21,Thursdays with Abie,8.65,36227,2010,1,6,Sunday,6.92,6.822,7.135,23
451,6.7,552,10,451,2010-01-10,LABF20,21,Once Upon a Time in Springfield,14.62,40194,2010,1,6,Sunday,6.92,6.822,7.135,23
452,7.1,532,11,452,2010-01-31,MABF03,21,Million Dollar Maybe,5.11,40854,2010,1,6,Sunday,6.8,6.822,7.135,23
453,6.8,525,12,453,2010-02-14,MABF05,21,Boy Meets Curl,5.87,44945,2010,2,6,Sunday,6.86,6.822,7.135,23
454,6.6,496,13,454,2010-02-21,MABF06,21,The Color Yellow,6.08,41059,2010,2,6,Sunday,6.92,6.822,7.135,23
455,7.1,480,14,455,2010-03-14,MABF04,21,Postcards from the Wedge,5.23,41357,2010,3,6,Sunday,6.64,6.822,7.135,23
456,7.0,554,15,456,2010-03-21,MABF07,21,Stealing First Base,5.69,40487,2010,3,6,Sunday,6.62,6.822,7.135,23
457,5.7,675,16,457,2010-03-28,MABF10,21,The Greatest Story Ever D'ohed,5.69,44070,2010,3,6,Sunday,6.68,6.822,7.135,23
458,6.7,482,17,458,2010-04-11,MABF08,21,American History X-cellent,5.65,44645,2010,4,6,Sunday,6.64,6.822,7.135,23
459,6.9,482,18,459,2010-04-18,MABF09,21,Chief of Hearts,5.93,41528,2010,4,6,Sunday,6.68,6.822,7.135,23
460,6.9,511,19,460,2010-04-25,MABF14,21,The Squirt and the Whale,5.94,40632,2010,4,6,Sunday,6.92,6.822,7.135,23
461,7.2,519,20,461,2010-05-02,MABF12,21,To Surveil with Love,6.06,45738,2010,5,6,Sunday,7.02,6.822,7.135,23
462,6.9,491,21,462,2010-05-09,MABF13,21,Moe Letter Blues,5.66,40904,2010,5,6,Sunday,6.96,6.822,7.135,23
463,7.2,545,22,463,2010-05-16,MABF11,21,The Bob Next Door,6.26,43446,2010,5,6,Sunday,6.84,6.822,7.135,23
464,6.6,507,23,464,2010-05-23,MABF15,21,Judge Me Tender,5.74,41830,2010,5,6,Sunday,6.76,6.822,7.135,23
465,6.3,691,1,465,2010-09-26,MABF21,22,Elementary School Musical,7.75,31638,2010,9,6,Sunday,6.74,6.805,7.092,22
466,6.8,506,2,466,2010-10-03,MABF17,22,Loan-a Lisa,8.59,35051,2010,10,6,Sunday,6.72,6.805,7.092,22
467,6.8,501,3,467,2010-10-10,MABF18,22,MoneyBart,6.72,39073,2010,10,6,Sunday,6.84,6.805,7.092,22
468,7.1,680,4,468,2010-11-07,MABF16,22,Treehouse of Horror XXI,8.19,61954,2010,11,6,Sunday,6.88,6.805,7.092,22
469,7.2,482,5,469,2010-11-14,MABF20,22,"Lisa Simpson, This Isn't Your Life",8.97,40637,2010,11,6,Sunday,6.8,6.805,7.092,22
470,6.5,479,6,470,2010-11-21,NABF01,22,The Fool Monty,6.58,38097,2010,11,6,Sunday,6.82,6.805,7.092,22
471,6.4,489,7,471,2010-11-28,NABF02,22,How Munched is That Birdie in the Window?,9.38,37568,2010,11,6,Sunday,6.8,6.805,7.092,22
472,6.9,564,8,472,2010-12-05,MABF22,22,The Fight Before Christmas,9.54,43781,2010,12,6,Sunday,6.62,6.805,7.092,22
473,7.0,528,9,473,2010-12-12,MABF19,22,Donnie Fatso,7.18,40276,2010,12,6,Sunday,6.7,6.805,7.092,22
474,6.3,464,10,474,2011-01-09,NABF03,22,Moms I'd Like to Forget,12.6,41253,2011,1,6,Sunday,6.82,6.805,7.092,22
475,6.9,520,11,475,2011-01-16,NABF04,22,Flaming Moe,6.47,42734,2011,1,6,Sunday,6.82,6.805,7.092,22
476,7.0,486,12,476,2011-01-23,NABF05,22,Homer the Father,6.5,42691,2011,1,6,Sunday,6.86,6.805,7.092,22
477,6.9,461,13,477,2011-02-13,NABF06,22,The Blue and the Gray,5.61,42028,2011,2,6,Sunday,6.94,6.805,7.092,22
478,7.2,559,14,478,2011-02-20,NABF07,22,Angry Dad: The Movie,6.35,42693,2011,2,6,Sunday,6.78,6.805,7.092,22
479,6.7,489,15,479,2011-03-06,NABF08,22,The Scorpion's Tale,6.2,42142,2011,3,6,Sunday,6.68,6.805,7.092,22
480,6.1,481,16,480,2011-03-13,NABF09,22,A Midsummer's Nice Dream,5.44,38893,2011,3,6,Sunday,6.7,6.805,7.092,22
481,6.5,470,17,481,2011-03-27,NABF10,22,Love Is a Many Strangled Thing,6.14,41202,2011,3,6,Sunday,6.58,6.805,7.092,22
482,7.0,491,18,482,2011-04-10,NABF11,22,The Great Simpsina,4.99,41560,2011,4,6,Sunday,6.68,6.805,7.092,22
483,6.6,486,19,483,2011-05-01,NABF12,22,The Real Housewives of Fat Tony,6.1,41638,2011,5,6,Sunday,6.92,6.805,7.092,22
484,7.2,483,20,484,2011-05-08,NABF13,22,Homer Scissorhands,5.48,46154,2011,5,6,Sunday,7.02,6.805,7.092,22
485,7.3,505,21,485,2011-05-15,NABF14,22,500 Keys,6.0,46660,2011,5,6,Sunday,7.06,6.805,7.092,22
486,7.0,492,22,486,2011-05-22,NABF15,22,The Ned-Liest Catch,5.25,43681,2011,5,6,Sunday,7.14,6.805,7.092,22
487,7.2,672,1,487,2011-09-25,NABF16,23,The Falcon and the D'ohman,8.08,39209,2011,9,6,Sunday,7.02,6.814,6.148,22
488,7.0,528,2,488,2011-10-02,NABF17,23,Bart Stops to Smell the Roosevelts,6.19,37642,2011,10,6,Sunday,6.9,6.814,6.148,22
489,6.6,654,3,489,2011-10-30,NABF19,23,Treehouse of Horror XXII,8.1,63816,2011,10,6,Sunday,6.94,6.814,6.148,22
490,6.7,491,4,490,2011-11-06,NABF21,23,Replaceable You,7.97,38034,2011,11,6,Sunday,7.06,6.814,6.148,22
491,7.2,562,5,491,2011-11-13,NABF20,23,The Food Wife,7.5,42746,2011,11,6,Sunday,7.02,6.814,6.148,22
492,7.8,712,6,492,2011-11-20,NABF22,23,The Book Job,5.77,42780,2011,11,6,Sunday,6.94,6.814,6.148,22
493,6.8,493,7,493,2011-11-27,PABF01,23,The Man in the Blue Flannel Pants,5.61,41687,2011,11,6,Sunday,7.24,6.814,6.148,22
494,6.2,476,8,494,2011-12-04,PABF02,23,The Ten-Per-Cent Solution,9.01,39002,2011,12,6,Sunday,7.02,6.814,6.148,22
495,8.2,905,9,495,2011-12-11,NABF18,23,Holidays of Future Passed,6.43,69460,2011,12,6,Sunday,6.86,6.814,6.148,22
496,6.1,549,10,496,2012-01-08,PABF03,23,"Politically Inept, with Homer Simpson",5.07,44074,2012,1,6,Sunday,6.64,6.814,6.148,22
497,7.0,553,11,497,2012-01-15,PABF04,23,The D'oh-cial Network,11.48,43275,2012,1,6,Sunday,6.7,6.814,6.148,22
498,5.7,562,12,498,2012-01-29,PABF05,23,Moe Goes from Rags to Riches,5.12,39838,2012,1,6,Sunday,6.46,6.814,6.148,22
499,6.5,490,13,499,2012-02-12,PABF06,23,The Daughter Also Rises,4.26,40669,2012,2,6,Sunday,6.62,6.814,6.148,22
500,7.0,580,14,500,2012-02-19,PABF07,23,At Long Last Leave,5.77,45226,2012,2,6,Sunday,6.68,6.814,6.148,22
501,6.9,425,15,501,2012-03-04,PABF09,23,Exit Through the Kwik-E-Mart,5.09,45133,2012,3,6,Sunday,6.96,6.814,6.148,22
502,7.3,541,16,502,2012-03-11,PABF08,23,How I Wet Your Mother,4.97,44818,2012,3,6,Sunday,7.08,6.814,6.148,22
503,7.1,493,17,503,2012-03-18,PABF10,23,"Them, Robot",5.25,43615,2012,3,6,Sunday,7.16,6.814,6.148,22
504,7.1,470,18,504,2012-04-15,PABF11,23,Beware My Cheating Bart,4.86,43422,2012,4,6,Sunday,7.16,6.814,6.148,22
505,7.4,568,19,505,2012-04-29,PABF12,23,A Totally Fun Thing That Bart Will Never Do Again,5.0,53058,2012,4,6,Sunday,7.04,6.814,6.148,22
506,6.9,405,20,506,2012-05-06,PABF13,23,The Spy Who Learned Me,4.84,43544,2012,5,6,Sunday,6.52,6.814,6.148,22
507,6.7,408,21,507,2012-05-13,PABF15,23,Ned 'n Edna's Blend,4.07,47005,2012,5,6,Sunday,6.38,6.814,6.148,22
508,4.5,1215,22,508,2012-05-20,PABF14,23,Lisa Goes Gaga,4.82,44434,2012,5,6,Sunday,6.36,6.814,6.148,22
509,6.4,597,1,509,2012-09-30,PABF21,24,Moonshine River,8.08,36570,2012,9,6,Sunday,6.36,6.777,5.412,22
510,7.3,600,2,510,2012-10-07,PABF17,24,Treehouse of Horror XXIII,6.57,67484,2012,10,6,Sunday,6.36,6.777,5.412,22
511,6.9,460,3,511,2012-11-04,PABF18,24,Adventures in Baby-Getting,5.65,39687,2012,11,6,Sunday,6.72,6.777,5.412,22
512,6.7,415,4,512,2012-11-11,PABF16,24,Gone Abie Gone,6.86,35136,2012,11,6,Sunday,6.74,6.777,5.412,22
513,6.3,426,5,513,2012-11-18,PABF19,24,Penny-Wiseguys,5.06,36897,2012,11,6,Sunday,6.72,6.777,5.412,22
514,6.5,430,6,514,2012-11-25,PABF22,24,A Tree Grows in Springfield,7.46,43211,2012,11,6,Sunday,6.78,6.777,5.412,22
515,7.2,493,7,515,2012-12-09,PABF20,24,The Day the Earth Stood Cool,7.44,40649,2012,12,6,Sunday,6.82,6.777,5.412,22
516,7.2,441,8,516,2012-12-16,RABF01,24,To Cur with Love,3.77,40726,2012,12,6,Sunday,6.96,6.777,5.412,22
517,6.9,411,9,517,2013-01-06,RABF02,24,Homer Goes to Prep School,8.97,42306,2013,1,6,Sunday,6.98,6.777,5.412,22
518,7.0,408,10,518,2013-01-13,RABF03,24,A Test Before Trying,5.04,41542,2013,1,6,Sunday,6.84,6.777,5.412,22
519,6.6,405,11,519,2013-01-27,RABF04,24,The Changing of the Guardian,5.23,42215,2013,1,6,Sunday,6.8,6.777,5.412,22
520,6.5,471,12,520,2013-02-10,RABF07,24,Love is a Many-Splintered Thing,4.19,41828,2013,2,6,Sunday,6.66,6.777,5.412,22
521,7.0,406,13,521,2013-02-17,RABF05,24,Hardly Kirk-ing,4.57,42807,2013,2,6,Sunday,6.66,6.777,5.412,22
522,6.2,423,14,522,2013-03-03,RABF06,24,Gorgeous Grampa,4.66,39510,2013,3,6,Sunday,6.76,6.777,5.412,22
523,7.0,418,15,523,2013-03-10,RABF09,24,"Black Eyed, Please",4.85,42925,2013,3,6,Sunday,6.76,6.777,5.412,22
524,7.1,417,16,524,2013-03-17,RABF10,24,Dark Knight Court,4.89,44170,2013,3,6,Sunday,6.66,6.777,5.412,22
525,6.5,425,17,525,2013-04-14,RABF08,24,What Animated Women Want,4.11,43471,2013,4,6,Sunday,6.78,6.777,5.412,22
526,6.5,405,18,526,2013-04-28,RABF11,24,Pulpit Friction,4.54,41184,2013,4,6,Sunday,6.64,6.777,5.412,22
527,6.8,371,19,527,2013-05-05,RABF13,24,Whiskey Business,4.43,42810,2013,5,6,Sunday,6.62,6.777,5.412,22
528,6.3,410,20,528,2013-05-12,RABF12,24,The Fabulous Faker Boy,4.16,42426,2013,5,6,Sunday,6.76,6.777,5.412,22
530,7.0,396,22,530,2013-05-19,RABF17,24,Dangers on a Train,4.52,44984,2013,5,6,Sunday,6.86,6.777,5.412,22
529,7.2,460,21,529,2013-05-19,RABF14,24,The Saga of Carl,4.01,42996,2013,5,6,Sunday,6.92,6.777,5.412,22
531,7.0,635,1,531,2013-09-29,RABF20,25,Homerland,6.37,47531,2013,9,6,Sunday,6.96,6.832,5.019,22
532,7.1,654,2,532,2013-10-06,RABF16,25,Treehouse of Horror XXIV,6.42,64758,2013,10,6,Sunday,6.9,6.832,5.019,22
533,6.5,482,3,533,2013-11-03,RABF18,25,Four Regrettings and a Funeral,5.43,39301,2013,11,6,Sunday,6.88,6.832,5.019,22
534,6.7,489,4,534,2013-11-10,RABF22,25,YOLO,4.2,44551,2013,11,6,Sunday,6.78,6.832,5.019,22
535,7.1,442,5,535,2013-11-17,RABF19,25,Labor Pains,4.08,40671,2013,11,6,Sunday,6.76,6.832,5.019,22
536,6.5,468,6,536,2013-11-24,SABF02,25,The Kid Is All Right,6.78,39590,2013,11,6,Sunday,6.76,6.832,5.019,22
537,7.0,440,7,537,2013-12-08,SABF04,25,Yellow Subterfuge,6.85,43717,2013,12,6,Sunday,6.94,6.832,5.019,22
538,6.5,449,8,538,2013-12-15,SABF01,25,White Christmas Blues,8.48,39290,2013,12,6,Sunday,6.94,6.832,5.019,22
539,7.6,648,9,539,2014-01-05,SABF05,25,Steal This Episode,12.04,45354,2014,1,6,Sunday,7.08,6.832,5.019,22
540,7.1,475,10,540,2014-01-12,SABF03,25,Married to the Blob,4.83,40646,2014,1,6,Sunday,7.02,6.832,5.019,22
541,7.2,431,11,541,2014-01-26,SABF06,25,Specs and the City,3.87,44119,2014,1,6,Sunday,7.0,6.832,5.019,22
543,6.7,468,13,543,2014-03-09,SABF07,25,The Man Who Grew Too Much,3.75,44512,2014,3,6,Sunday,6.8,6.832,5.019,22
542,6.4,473,12,542,2014-03-09,SABF08,25,Diggs,2.69,39292,2014,3,6,Sunday,6.78,6.832,5.019,22
544,6.6,407,14,544,2014-03-16,SABF09,25,The Winter of His Content,4.02,44271,2014,3,6,Sunday,6.72,6.832,5.019,22
545,7.0,414,15,545,2014-03-23,SABF10,25,The War of Art,3.98,41726,2014,3,6,Sunday,6.68,6.832,5.019,22
546,6.9,430,16,546,2014-03-30,SABF11,25,You Don't Have to Live Like a Referee,3.91,42080,2014,3,6,Sunday,6.8,6.832,5.019,22
547,6.5,415,17,547,2014-04-06,SABF12,25,Luca$,4.3,45184,2014,4,6,Sunday,6.64,6.832,5.019,22
548,7.0,504,18,548,2014-04-13,SABF13,25,Days of Future Future,3.64,55742,2014,4,6,Sunday,6.78,6.832,5.019,22
549,5.8,445,19,549,2014-04-27,SABF14,25,What to Expect When Bart's Expecting,3.45,48760,2014,4,6,Sunday,6.74,6.832,5.019,22
550,7.7,705,20,550,2014-05-04,RABF21,25,Brick Like Me,4.39,65613,2014,5,6,Sunday,6.78,6.832,5.019,22
551,6.7,402,21,551,2014-05-11,SABF15,25,Pay Pal,3.66,51132,2014,5,6,Sunday,6.54,6.832,5.019,22
552,6.7,416,22,552,2014-05-18,SABF18,25,The Yellow Badge of Cowardge,3.28,46408,2014,5,6,Sunday,6.76,6.832,5.019,22
553,5.8,652,1,553,2014-09-28,SABF20,26,Clown in the Dumps,8.53,29526,2014,9,6,Sunday,6.52,6.705,4.805,22
554,6.9,490,2,554,2014-10-05,SABF17,26,The Wreck of the Relationship,4.27,38411,2014,10,6,Sunday,6.64,6.705,4.805,22
555,6.5,457,3,555,2014-10-12,SABF19,26,Super Franchise Me,7.33,42912,2014,10,6,Sunday,6.56,6.705,4.805,22
556,7.3,612,4,556,2014-10-19,SABF21,26,Treehouse of Horror XXV,7.76,65425,2014,10,6,Sunday,6.98,6.705,4.805,22
557,6.3,442,5,557,2014-11-02,SABF22,26,Opposites A-Frack,4.22,36410,2014,11,6,Sunday,6.98,6.705,4.805,22
558,7.9,977,6,558,2014-11-09,SABF16,26,Simpsorama,6.7,48223,2014,11,6,Sunday,6.98,6.705,4.805,22
559,6.9,456,7,559,2014-11-16,TABF01,26,Blazed and Confused,6.7,43513,2014,11,6,Sunday,6.88,6.705,4.805,22
560,6.5,431,8,560,2014-11-23,TABF02,26,Covercraft,3.45,38432,2014,11,6,Sunday,6.98,6.705,4.805,22
561,6.8,432,9,561,2014-12-07,TABF03,26,I Won't Be Home for Christmas,6.52,37064,2014,12,6,Sunday,6.86,6.705,4.805,22
562,6.8,578,10,562,2015-01-04,RABF15,26,The Man Who Came to Be Dinner,10.62,36622,2015,1,6,Sunday,6.64,6.705,4.805,22
563,7.3,434,11,563,2015-01-11,TABF05,26,Bart's New Friend,4.28,39702,2015,1,6,Sunday,6.6,6.705,4.805,22
564,5.8,439,12,564,2015-01-25,TABF04,26,The Musk Who Fell to Earth,3.29,35848,2015,1,6,Sunday,6.58,6.705,4.805,22
565,6.3,377,13,565,2015-02-08,TABF06,26,Walking Big & Tall,2.78,36221,2015,2,6,Sunday,6.54,6.705,4.805,22
566,6.7,360,14,566,2015-02-15,TABF07,26,My Fare Lady,2.67,35846,2015,2,6,Sunday,6.46,6.705,4.805,22
567,6.6,372,15,567,2015-03-01,TABF08,26,The Princess Guide,3.93,34137,2015,3,6,Sunday,6.64,6.705,4.805,22
568,6.9,377,16,568,2015-03-08,TABF09,26,Sky Police,3.79,43023,2015,3,6,Sunday,6.72,6.705,4.805,22
569,6.7,374,17,569,2015-03-15,TABF10,26,Waiting for Duffman,3.59,37874,2015,3,6,Sunday,6.76,6.705,4.805,22
570,6.7,334,18,570,2015-04-19,TABF11,26,Peeping Mom,3.23,40157,2015,4,6,Sunday,6.68,6.705,4.805,22
571,6.9,347,19,571,2015-04-26,TABF12,26,The Kids Are All Fight,3.33,42123,2015,4,6,Sunday,6.66,6.705,4.805,22
572,6.2,330,20,572,2015-05-03,TABF13,26,Let's Go Fly a Coot,3.12,40783,2015,5,6,Sunday,6.7,6.705,4.805,22
573,6.8,335,21,573,2015-05-10,TABF15,26,Bull-E,2.77,43978,2015,5,6,Sunday,6.54,6.705,4.805,22
574,6.9,335,22,574,2015-05-17,TABF16,26,Mathlete's Feat,2.82,47429,2015,5,6,Sunday,6.5,6.705,4.805,22
575,5.9,532,1,575,2015-09-27,TABF14,27,Every Man's Dream,3.28,187,2015,9,6,Sunday,6.7,6.786,4.0,22
576,6.7,395,2,576,2015-10-04,TABF17,27,Cue Detective,6.02,178,2015,10,6,Sunday,6.84,6.786,4.0,22
577,7.2,404,3,577,2015-10-11,TABF19,27,Puffless,3.31,160,2015,10,6,Sunday,6.82,6.786,4.0,22
578,7.5,462,4,578,2015-10-18,TABF22,27,Halloween of Horror,3.69,196,2015,10,6,Sunday,7.0,6.786,4.0,22
579,6.8,385,5,579,2015-10-25,TABF18,27,Treehouse of Horror XXVI,6.75,195,2015,10,6,Sunday,6.92,6.786,4.0,22
580,6.8,335,6,580,2015-11-08,TABF21,27,Friend with Benefit,3.48,175,2015,11,6,Sunday,6.9,6.786,4.0,22
581,6.3,328,7,581,2015-11-22,TABF20,27,Lisa with an 'S',5.64,145,2015,11,6,Sunday,7.08,6.786,4.0,22
582,7.1,305,8,582,2015-12-06,VABF01,27,Paths of Glory,5.53,170,2015,12,6,Sunday,7.04,6.786,4.0,22
583,8.4,698,9,583,2015-12-13,VABF02,27,Barthood,5.97,182,2015,12,6,Sunday,7.04,6.786,4.0,22
584,6.6,356,10,584,2016-01-03,VABF03,27,The Girl Code,4.41,166,2016,1,6,Sunday,7.12,6.786,4.0,22
585,6.8,309,11,585,2016-01-10,VABF04,27,Teenage Mutant Milk-Caused Hurdles,8.33,172,2016,1,6,Sunday,6.96,6.786,4.0,22
586,6.7,271,12,586,2016-01-17,VABF05,27,Much Apu About Something,3.95,170,2016,1,6,Sunday,6.6,6.786,4.0,22
587,6.3,252,13,587,2016-02-14,VABF07,27,Love Is in the N2-O2-Ar-CO2-Ne-He-CH4,2.89,158,2016,2,6,Sunday,6.54,6.786,4.0,22
588,6.6,293,14,588,2016-02-21,VABF06,27,Gal of Constant Sorrow,3.1,144,2016,2,6,Sunday,6.64,6.786,4.0,22
589,6.3,233,15,589,2016-03-06,VABF08,27,Lisa the Veterinarian,3.09,174,2016,3,6,Sunday,6.6,6.786,4.0,22
590,7.3,262,16,590,2016-03-13,VABF09,27,The Marge-ian Chronicles,3.07,201,2016,3,6,Sunday,6.62,6.786,4.0,22
591,6.5,246,17,591,2016-04-03,VABF10,27,The Burns Cage,2.32,190,2016,4,6,Sunday,6.72,6.786,4.0,22
592,6.4,228,18,592,2016-04-10,VABF11,27,How Lisa Got Her Marge Back,2.55,188,2016,4,6,Sunday,6.8,6.786,4.0,22
593,7.1,229,19,593,2016-04-24,VABF12,27,Fland Canyon,2.77,192,2016,4,6,Sunday,6.62,6.786,4.0,22
594,6.7,193,20,594,2016-05-08,VABF14,27,To Courier with Love,2.52,192,2016,5,6,Sunday,6.7,6.786,4.0,22
595,6.4,227,21,595,2016-05-15,VABF13,27,Simprovised,2.8,228,2016,5,6,Sunday,6.74,6.786,4.0,22
596,6.9,210,22,596,2016-05-22,VABF15,27,Orange Is the New Yellow,2.54,276,2016,5,6,Sunday,6.65,6.786,4.0,22
597,6.6,104,1,597,2016-09-25,VABF20,28,Monty Burns' Fleeing Circus,3.36,994,2016,9,6,Sunday,6.633,6.6,3.36,4
598,,,2,598,2016-10-02,VABF18,28,Friends and Family,,,2016,10,6,Sunday,,6.6,3.36,4
599,,,3,599,2016-10-09,VABF17,28,The Town,,,2016,10,6,Sunday,,6.6,3.36,4
600,,,4,600,2016-10-16,VABF16,28,Treehouse of Horror XXVII,,,2016,10,6,Sunday,,6.6,3.36,4
