character_id,name,season,total_words,total_sentences,avg_words_per_sentence
2739,ABBA,10,571000,1,571000.0
33,Announcer,1,322,17,18.941176470588236
33,Announcer,2,258,16,16.125
33,Announcer,3,331,19,17.42105263157895
33,Announcer,4,444,43,10.325581395348838
33,Announcer,5,441,27,16.333333333333332
33,Announcer,6,136,9,15.11111111111111
33,Announcer,7,221,16,13.8125
33,Announcer,8,157,13,12.076923076923077
33,Announcer,9,324,25,12.96
33,Announcer,10,130,11,11.818181818181818
33,Announcer,11,195,17,11.470588235294118
33,Announcer,12,95,8,11.875
33,Announcer,13,94,6,15.666666666666666
33,Announcer,14,383,36,10.63888888888889
33,Announcer,15,120,9,13.333333333333334
33,Announcer,16,254,22,11.545454545454545
33,Announcer,17,83,7,11.857142857142858
33,Announcer,18,116,11,10.545454545454545
33,Announcer,19,110,11,10.0
33,Announcer,20,179,12,14.916666666666666
33,Announcer,21,114,10,11.4
33,Announcer,22,204,22,9.272727272727273
33,Announcer,23,99,7,14.142857142857142
33,Announcer,24,61,5,12.2
33,Announcer,25,33,4,8.25
33,Announcer,26,27,4,6.75
208,Apu Nahasapeemapetilon,1,101,6,16.833333333333332
208,Apu Nahasapeemapetilon,2,198,15,13.2
208,Apu Nahasapeemapetilon,3,411,40,10.275
208,Apu Nahasapeemapetilon,4,447,39,11.461538461538462
208,Apu Nahasapeemapetilon,5,1111,111,10.00900900900901
208,Apu Nahasapeemapetilon,6,265,16,16.5625
208,Apu Nahasapeemapetilon,7,1444,95,15.2
208,Apu Nahasapeemapetilon,8,225,17,13.235294117647058
208,Apu Nahasapeemapetilon,9,1132,106,10.679245283018869
208,Apu Nahasapeemapetilon,10,523,54,9.685185185185185
208,Apu Nahasapeemapetilon,11,909,93,9.774193548387096
208,Apu Nahasapeemapetilon,12,183,25,7.32
208,Apu Nahasapeemapetilon,13,763,75,10.173333333333334
208,Apu Nahasapeemapetilon,14,306,25,12.24
208,Apu Nahasapeemapetilon,15,261,17,15.352941176470589
208,Apu Nahasapeemapetilon,16,343,26,13.192307692307692
208,Apu Nahasapeemapetilon,17,98,6,16.333333333333332
208,Apu Nahasapeemapetilon,18,242,20,12.1
208,Apu Nahasapeemapetilon,19,182,13,14.0
208,Apu Nahasapeemapetilon,20,200,12,16.666666666666668
208,Apu Nahasapeemapetilon,21,578,55,10.50909090909091
208,Apu Nahasapeemapetilon,22,136,9,15.11111111111111
208,Apu Nahasapeemapetilon,23,239,26,9.192307692307692
208,Apu Nahasapeemapetilon,24,207,20,10.35
208,Apu Nahasapeemapetilon,25,97,8,12.125
208,Apu Nahasapeemapetilon,26,882,59,14.94915254237288
8,Bart Simpson,1,4868,655,7.43206106870229
8,Bart Simpson,2,113665,759,149.7562582345191
8,Bart Simpson,3,6250,734,8.514986376021799
8,Bart Simpson,4,4205,551,7.631578947368421
8,Bart Simpson,5,4250,507,8.382642998027613
8,Bart Simpson,6,6199,667,9.293853073463268
8,Bart Simpson,7,5496,593,9.268128161888702
8,Bart Simpson,8,4673,542,8.621771217712178
8,Bart Simpson,9,5261,636,8.272012578616351
8,Bart Simpson,10,3525,472,7.468220338983051
8,Bart Simpson,11,4210,568,7.411971830985915
8,Bart Simpson,12,2876,422,6.815165876777251
8,Bart Simpson,13,2950,419,7.040572792362768
8,Bart Simpson,14,3690,419,8.806682577565633
8,Bart Simpson,15,3994,472,8.461864406779661
8,Bart Simpson,16,3807,440,8.652272727272727
8,Bart Simpson,17,3256,359,9.069637883008356
8,Bart Simpson,18,3871,449,8.621380846325167
8,Bart Simpson,19,3776,415,9.098795180722892
8,Bart Simpson,20,3289,372,8.841397849462366
8,Bart Simpson,21,4897,558,8.775985663082437
8,Bart Simpson,22,4384,491,8.928716904276985
8,Bart Simpson,23,4726,499,9.470941883767535
8,Bart Simpson,24,4165,449,9.276169265033408
8,Bart Simpson,25,4479,508,8.816929133858268
8,Bart Simpson,26,2052,245,8.375510204081632
15,C. Montgomery Burns,1,646,52,12.423076923076923
15,C. Montgomery Burns,2,3547,263,13.486692015209126
15,C. Montgomery Burns,3,3250,244,13.319672131147541
15,C. Montgomery Burns,4,1405,112,12.544642857142858
15,C. Montgomery Burns,5,2508,219,11.452054794520548
15,C. Montgomery Burns,6,1562,121,12.909090909090908
15,C. Montgomery Burns,7,2827,244,11.586065573770492
15,C. Montgomery Burns,8,3079,220,13.995454545454546
15,C. Montgomery Burns,9,909,75,12.12
15,C. Montgomery Burns,10,1112,105,10.59047619047619
15,C. Montgomery Burns,11,557,56,9.946428571428571
15,C. Montgomery Burns,12,637,72,8.847222222222221
15,C. Montgomery Burns,13,1601,150,10.673333333333334
15,C. Montgomery Burns,14,681,51,13.352941176470589
15,C. Montgomery Burns,15,1233,117,10.538461538461538
15,C. Montgomery Burns,16,875,75,11.666666666666666
15,C. Montgomery Burns,17,1266,118,10.728813559322035
15,C. Montgomery Burns,18,476,46,10.347826086956522
15,C. Montgomery Burns,19,480,56,8.571428571428571
15,C. Montgomery Burns,20,1003,89,11.269662921348315
15,C. Montgomery Burns,21,1280,103,12.427184466019417
15,C. Montgomery Burns,22,924,97,9.525773195876289
15,C. Montgomery Burns,23,942,90,10.466666666666667
15,C. Montgomery Burns,24,1338,118,11.338983050847459
15,C. Montgomery Burns,25,816,83,9.831325301204819
15,C. Montgomery Burns,26,1669,145,11.510344827586207
170,Carl Carlson,1,30,4,7.5
170,Carl Carlson,2,84,9,9.333333333333334
170,Carl Carlson,3,158,22,7.181818181818182
170,Carl Carlson,4,173,21,8.238095238095237
170,Carl Carlson,5,150,20,7.5
170,Carl Carlson,6,208,25,8.32
170,Carl Carlson,7,106,13,8.153846153846153
170,Carl Carlson,8,190,28,6.785714285714286
170,Carl Carlson,9,200,20,10.0
170,Carl Carlson,10,278,37,7.513513513513513
170,Carl Carlson,11,329,44,7.4772727272727275
170,Carl Carlson,12,411,44,9.340909090909092
170,Carl Carlson,13,472,68,6.9411764705882355
170,Carl Carlson,14,382,47,8.127659574468085
170,Carl Carlson,15,312,36,8.666666666666666
170,Carl Carlson,16,192,25,7.68
170,Carl Carlson,17,370,46,8.043478260869565
170,Carl Carlson,18,278,24,11.583333333333334
170,Carl Carlson,19,285,33,8.636363636363637
170,Carl Carlson,20,226,23,9.826086956521738
170,Carl Carlson,21,693,75,9.24
170,Carl Carlson,22,159,18,8.833333333333334
170,Carl Carlson,23,252,33,7.636363636363637
170,Carl Carlson,24,575,59,9.745762711864407
170,Carl Carlson,25,418,52,8.038461538461538
170,Carl Carlson,26,219,26,8.423076923076923
71,Chief Wiggum,1,132,10,13.2
71,Chief Wiggum,2,14,1,14.0
71,Chief Wiggum,3,662,63,10.507936507936508
71,Chief Wiggum,4,648,71,9.126760563380282
71,Chief Wiggum,5,885,83,10.662650602409638
71,Chief Wiggum,6,747,59,12.661016949152541
71,Chief Wiggum,7,1037,97,10.690721649484535
71,Chief Wiggum,8,1647,127,12.968503937007874
71,Chief Wiggum,9,856,80,10.7
71,Chief Wiggum,10,1389,137,10.138686131386862
71,Chief Wiggum,11,782,64,12.21875
71,Chief Wiggum,12,1018,103,9.883495145631068
71,Chief Wiggum,13,1118,106,10.547169811320755
71,Chief Wiggum,14,966,78,12.384615384615385
71,Chief Wiggum,15,951,83,11.457831325301205
71,Chief Wiggum,16,1175,94,12.5
71,Chief Wiggum,17,533,42,12.69047619047619
71,Chief Wiggum,18,590,59,10.0
71,Chief Wiggum,19,487,49,9.938775510204081
71,Chief Wiggum,20,275,22,12.5
71,Chief Wiggum,21,1388,113,12.283185840707965
71,Chief Wiggum,22,463,51,9.07843137254902
71,Chief Wiggum,23,608,49,12.408163265306122
71,Chief Wiggum,24,522,54,9.666666666666666
71,Chief Wiggum,25,643,52,12.365384615384615
71,Chief Wiggum,26,456,49,9.306122448979592
801,Comic Book Guy,3,19,1,19.0
801,Comic Book Guy,5,60,5,12.0
801,Comic Book Guy,6,12,2,6.0
801,Comic Book Guy,7,491,29,16.93103448275862
801,Comic Book Guy,8,260,17,15.294117647058824
801,Comic Book Guy,9,119,10,11.9
801,Comic Book Guy,10,299,21,14.238095238095237
801,Comic Book Guy,11,334,31,10.774193548387096
801,Comic Book Guy,12,516,57,9.052631578947368
801,Comic Book Guy,13,183,18,10.166666666666666
801,Comic Book Guy,14,123,11,11.181818181818182
801,Comic Book Guy,15,479,44,10.886363636363637
801,Comic Book Guy,16,85,7,12.142857142857142
801,Comic Book Guy,17,186,14,13.285714285714286
801,Comic Book Guy,18,135,7,19.285714285714285
801,Comic Book Guy,19,310,18,17.22222222222222
801,Comic Book Guy,20,236,17,13.882352941176471
801,Comic Book Guy,21,415,39,10.64102564102564
801,Comic Book Guy,22,348,27,12.88888888888889
801,Comic Book Guy,23,188,13,14.461538461538462
801,Comic Book Guy,24,92,6,15.333333333333334
801,Comic Book Guy,25,712,55,12.945454545454545
801,Comic Book Guy,26,117,14,8.357142857142858
332,Dr. Julius Hibbert,2,597,44,13.568181818181818
332,Dr. Julius Hibbert,3,128,15,8.533333333333333
332,Dr. Julius Hibbert,4,375,35,10.714285714285714
332,Dr. Julius Hibbert,5,222,16,13.875
332,Dr. Julius Hibbert,6,275,26,10.576923076923077
332,Dr. Julius Hibbert,7,180,18,10.0
332,Dr. Julius Hibbert,8,546,39,14.0
332,Dr. Julius Hibbert,9,355,25,14.2
332,Dr. Julius Hibbert,10,557,52,10.711538461538462
332,Dr. Julius Hibbert,11,396,33,12.0
332,Dr. Julius Hibbert,12,607,59,10.288135593220339
332,Dr. Julius Hibbert,13,444,37,12.0
332,Dr. Julius Hibbert,14,518,42,12.333333333333334
332,Dr. Julius Hibbert,15,355,31,11.451612903225806
332,Dr. Julius Hibbert,16,417,39,10.692307692307692
332,Dr. Julius Hibbert,17,289,24,12.041666666666666
332,Dr. Julius Hibbert,18,66,5,13.2
332,Dr. Julius Hibbert,19,237,22,10.772727272727273
332,Dr. Julius Hibbert,20,242,21,11.523809523809524
332,Dr. Julius Hibbert,21,166,16,10.375
332,Dr. Julius Hibbert,22,72,5,14.4
332,Dr. Julius Hibbert,23,82,11,7.454545454545454
332,Dr. Julius Hibbert,24,151,14,10.785714285714286
332,Dr. Julius Hibbert,25,338,26,13.0
332,Dr. Julius Hibbert,26,164,18,9.11111111111111
40,Edna Krabappel-Flanders,1,281,23,12.217391304347826
40,Edna Krabappel-Flanders,2,538,50,10.76
40,Edna Krabappel-Flanders,3,860,68,12.647058823529411
40,Edna Krabappel-Flanders,4,285,33,8.636363636363637
40,Edna Krabappel-Flanders,5,377,35,10.771428571428572
40,Edna Krabappel-Flanders,6,546,53,10.30188679245283
40,Edna Krabappel-Flanders,7,190,16,11.875
40,Edna Krabappel-Flanders,8,608,61,9.967213114754099
40,Edna Krabappel-Flanders,9,190,21,9.047619047619047
40,Edna Krabappel-Flanders,10,114,16,7.125
40,Edna Krabappel-Flanders,11,118,14,8.428571428571429
40,Edna Krabappel-Flanders,12,54,9,6.0
40,Edna Krabappel-Flanders,13,148,13,11.384615384615385
40,Edna Krabappel-Flanders,14,309,32,9.65625
40,Edna Krabappel-Flanders,15,448,47,9.53191489361702
40,Edna Krabappel-Flanders,16,164,17,9.647058823529411
40,Edna Krabappel-Flanders,17,203,20,10.15
40,Edna Krabappel-Flanders,18,39,4,9.75
40,Edna Krabappel-Flanders,19,38,5,7.6
40,Edna Krabappel-Flanders,20,119,13,9.153846153846153
40,Edna Krabappel-Flanders,21,773,82,9.426829268292684
40,Edna Krabappel-Flanders,22,673,67,10.044776119402986
40,Edna Krabappel-Flanders,23,362,40,9.05
40,Edna Krabappel-Flanders,24,189,16,11.8125
40,Edna Krabappel-Flanders,25,46,6,7.666666666666667
241,Entire Town,2,1154000,2,577000.0
1078,Gary Chalmers,4,170,22,7.7272727272727275
1078,Gary Chalmers,5,194,15,12.933333333333334
1078,Gary Chalmers,6,80,8,10.0
1078,Gary Chalmers,7,258,26,9.923076923076923
1078,Gary Chalmers,8,340,27,12.592592592592593
1078,Gary Chalmers,9,194,13,14.923076923076923
1078,Gary Chalmers,10,231,16,14.4375
1078,Gary Chalmers,12,66,9,7.333333333333333
1078,Gary Chalmers,13,25,2,12.5
1078,Gary Chalmers,14,41,4,10.25
1078,Gary Chalmers,15,181,16,11.3125
1078,Gary Chalmers,16,98,9,10.88888888888889
1078,Gary Chalmers,17,170,18,9.444444444444445
1078,Gary Chalmers,18,309,32,9.65625
1078,Gary Chalmers,19,231,25,9.24
1078,Gary Chalmers,20,464,38,12.210526315789474
1078,Gary Chalmers,21,245,25,9.8
1078,Gary Chalmers,22,659,59,11.169491525423728
1078,Gary Chalmers,23,791,70,11.3
1078,Gary Chalmers,24,332,39,8.512820512820513
1078,Gary Chalmers,25,387,27,14.333333333333334
1078,Gary Chalmers,26,202,19,10.631578947368421
31,Grampa Simpson,1,330,22,15.0
31,Grampa Simpson,2,1666,191,8.722513089005236
31,Grampa Simpson,3,145,16,9.0625
31,Grampa Simpson,4,1271,109,11.660550458715596
31,Grampa Simpson,5,1678,128,13.109375
31,Grampa Simpson,6,1274,117,10.88888888888889
31,Grampa Simpson,7,1607,122,13.172131147540984
31,Grampa Simpson,8,578,52,11.115384615384615
31,Grampa Simpson,9,665,62,10.725806451612904
31,Grampa Simpson,10,641,79,8.113924050632912
31,Grampa Simpson,11,56,8,7.0
31,Grampa Simpson,12,293,37,7.918918918918919
31,Grampa Simpson,13,1051,123,8.544715447154472
31,Grampa Simpson,14,213,23,9.26086956521739
31,Grampa Simpson,15,548,53,10.339622641509434
31,Grampa Simpson,16,337,39,8.64102564102564
31,Grampa Simpson,17,1227,115,10.669565217391304
31,Grampa Simpson,18,867,73,11.876712328767123
31,Grampa Simpson,19,342,23,14.869565217391305
31,Grampa Simpson,20,552,57,9.68421052631579
31,Grampa Simpson,21,957,79,12.113924050632912
31,Grampa Simpson,22,888,62,14.32258064516129
31,Grampa Simpson,23,569,53,10.735849056603774
31,Grampa Simpson,24,1822,168,10.845238095238095
31,Grampa Simpson,25,448,45,9.955555555555556
31,Grampa Simpson,26,143,19,7.526315789473684
404,Groundskeeper Willie,2,21,3,7.0
404,Groundskeeper Willie,3,105,14,7.5
404,Groundskeeper Willie,4,229,24,9.541666666666666
404,Groundskeeper Willie,5,250,25,10.0
404,Groundskeeper Willie,6,349,28,12.464285714285714
404,Groundskeeper Willie,7,184,24,7.666666666666667
404,Groundskeeper Willie,8,195,19,10.263157894736842
404,Groundskeeper Willie,9,287,32,8.96875
404,Groundskeeper Willie,10,311,32,9.71875
404,Groundskeeper Willie,11,47,5,9.4
404,Groundskeeper Willie,12,217,27,8.037037037037036
404,Groundskeeper Willie,13,137,15,9.133333333333333
404,Groundskeeper Willie,14,126,13,9.692307692307692
404,Groundskeeper Willie,15,306,23,13.304347826086957
404,Groundskeeper Willie,16,208,15,13.866666666666667
404,Groundskeeper Willie,17,663,67,9.895522388059701
404,Groundskeeper Willie,18,266,29,9.172413793103448
404,Groundskeeper Willie,19,117,14,8.357142857142858
404,Groundskeeper Willie,20,221,19,11.631578947368421
404,Groundskeeper Willie,21,205,21,9.761904761904763
404,Groundskeeper Willie,22,170,20,8.5
404,Groundskeeper Willie,23,71,4,17.75
404,Groundskeeper Willie,24,165,16,10.3125
404,Groundskeeper Willie,25,141,16,8.8125
404,Groundskeeper Willie,26,63,11,5.7272727272727275
2,Homer Simpson,1,8146,814,10.007371007371008
2,Homer Simpson,2,14128,1422,9.935302390998594
2,Homer Simpson,3,12197,1355,9.001476014760147
2,Homer Simpson,4,9408,1100,8.552727272727273
2,Homer Simpson,5,11672,1177,9.916737468139337
2,Homer Simpson,6,11742,1048,11.204198473282442
2,Homer Simpson,7,9607,914,10.5109409190372
2,Homer Simpson,8,10159,1036,9.805984555984557
2,Homer Simpson,9,13200,1425,9.263157894736842
2,Homer Simpson,10,15132,1603,9.43980037429819
2,Homer Simpson,11,12668,1435,8.82787456445993
2,Homer Simpson,12,10343,1270,8.144094488188976
2,Homer Simpson,13,9981,1167,8.552699228791774
2,Homer Simpson,14,420519,1203,349.5586034912718
2,Homer Simpson,15,10569,1041,10.152737752161384
2,Homer Simpson,16,10956,1046,10.474187380497131
2,Homer Simpson,17,9635,945,10.195767195767196
2,Homer Simpson,18,8934,904,9.882743362831858
2,Homer Simpson,19,9429,945,9.977777777777778
2,Homer Simpson,20,9577,942,10.166666666666666
2,Homer Simpson,21,8110,809,10.024721878862794
2,Homer Simpson,22,7865,799,9.843554443053817
2,Homer Simpson,23,10468,1011,10.354104846686448
2,Homer Simpson,24,11243,1103,10.193109700815956
2,Homer Simpson,25,9511,913,10.417305585980285
2,Homer Simpson,26,7581,742,10.216981132075471
211,Kent Brockman,1,211,8,26.375
211,Kent Brockman,2,471,26,18.115384615384617
211,Kent Brockman,3,994,52,19.115384615384617
211,Kent Brockman,4,981,54,18.166666666666668
211,Kent Brockman,5,1278,49,26.081632653061224
211,Kent Brockman,6,597,28,21.321428571428573
211,Kent Brockman,7,550,21,26.19047619047619
211,Kent Brockman,8,1120,57,19.649122807017545
211,Kent Brockman,9,1049,59,17.779661016949152
211,Kent Brockman,10,682,35,19.485714285714284
211,Kent Brockman,11,585,49,11.938775510204081
211,Kent Brockman,12,924,70,13.2
211,Kent Brockman,13,399,20,19.95
211,Kent Brockman,14,518,33,15.696969696969697
211,Kent Brockman,15,995,57,17.45614035087719
211,Kent Brockman,16,593,33,17.96969696969697
211,Kent Brockman,17,651,33,19.727272727272727
211,Kent Brockman,18,667,46,14.5
211,Kent Brockman,19,455,22,20.681818181818183
211,Kent Brockman,20,209,16,13.0625
211,Kent Brockman,21,254,18,14.11111111111111
211,Kent Brockman,22,378,18,21.0
211,Kent Brockman,23,425,21,20.238095238095237
211,Kent Brockman,24,554,30,18.466666666666665
211,Kent Brockman,25,488,38,12.842105263157896
211,Kent Brockman,26,283,12,23.583333333333332
139,Krusty the Clown,1,374,43,8.69767441860465
139,Krusty the Clown,2,267,22,12.136363636363637
139,Krusty the Clown,3,1217,110,11.063636363636364
139,Krusty the Clown,4,1846,153,12.065359477124183
139,Krusty the Clown,5,635,51,12.450980392156863
139,Krusty the Clown,6,973,72,13.51388888888889
139,Krusty the Clown,7,1257,78,16.115384615384617
139,Krusty the Clown,8,623,45,13.844444444444445
139,Krusty the Clown,9,1290,95,13.578947368421053
139,Krusty the Clown,10,311,28,11.107142857142858
139,Krusty the Clown,11,398,33,12.06060606060606
139,Krusty the Clown,12,1836,155,11.845161290322581
139,Krusty the Clown,13,513,47,10.914893617021276
139,Krusty the Clown,14,1052,90,11.688888888888888
139,Krusty the Clown,15,858,72,11.916666666666666
139,Krusty the Clown,16,665,47,14.148936170212766
139,Krusty the Clown,17,450,35,12.857142857142858
139,Krusty the Clown,18,978,77,12.7012987012987
139,Krusty the Clown,19,1144,92,12.434782608695652
139,Krusty the Clown,20,190,14,13.571428571428571
139,Krusty the Clown,21,885,78,11.346153846153847
139,Krusty the Clown,22,557,43,12.953488372093023
139,Krusty the Clown,23,1199,105,11.41904761904762
139,Krusty the Clown,24,195,20,9.75
139,Krusty the Clown,25,478,38,12.578947368421053
139,Krusty the Clown,26,706,77,9.168831168831169
165,Lenny Leonard,1,41,7,5.857142857142857
165,Lenny Leonard,2,112,11,10.181818181818182
165,Lenny Leonard,3,254,29,8.758620689655173
165,Lenny Leonard,4,125,23,5.434782608695652
165,Lenny Leonard,5,174,26,6.6923076923076925
165,Lenny Leonard,6,297,34,8.735294117647058
165,Lenny Leonard,7,179,15,11.933333333333334
165,Lenny Leonard,8,382,47,8.127659574468085
165,Lenny Leonard,9,319,34,9.382352941176471
165,Lenny Leonard,10,418,62,6.741935483870968
165,Lenny Leonard,11,462,66,7.0
165,Lenny Leonard,12,495,59,8.389830508474576
165,Lenny Leonard,13,662,87,7.609195402298851
165,Lenny Leonard,14,409,51,8.019607843137255
165,Lenny Leonard,15,423,47,9.0
165,Lenny Leonard,16,221,31,7.129032258064516
165,Lenny Leonard,17,591,70,8.442857142857143
165,Lenny Leonard,18,344,39,8.820512820512821
165,Lenny Leonard,19,336,32,10.5
165,Lenny Leonard,20,535,50,10.7
165,Lenny Leonard,21,533,58,9.189655172413794
165,Lenny Leonard,22,319,33,9.666666666666666
165,Lenny Leonard,23,705,59,11.94915254237288
165,Lenny Leonard,24,820,91,9.010989010989011
165,Lenny Leonard,25,432,53,8.150943396226415
165,Lenny Leonard,26,264,30,8.8
9,Lisa Simpson,1,1871,271,6.904059040590406
9,Lisa Simpson,2,3857,422,9.139810426540285
9,Lisa Simpson,3,3993,399,10.007518796992482
9,Lisa Simpson,4,2915,378,7.711640211640212
9,Lisa Simpson,5,3052,298,10.241610738255034
9,Lisa Simpson,6,5331,558,9.553763440860216
9,Lisa Simpson,7,5260,523,10.05736137667304
9,Lisa Simpson,8,4395,482,9.118257261410788
9,Lisa Simpson,9,5063,540,9.375925925925927
9,Lisa Simpson,10,4629,545,8.493577981651375
9,Lisa Simpson,11,3858,460,8.38695652173913
9,Lisa Simpson,12,3353,436,7.690366972477064
9,Lisa Simpson,13,3236,417,7.7601918465227815
9,Lisa Simpson,14,150873,428,352.5070093457944
9,Lisa Simpson,15,4806,480,10.0125
9,Lisa Simpson,16,3833,387,9.904392764857882
9,Lisa Simpson,17,3580,389,9.203084832904885
9,Lisa Simpson,18,120367,372,323.56720430107526
9,Lisa Simpson,19,3247,365,8.895890410958904
9,Lisa Simpson,20,4273,449,9.516703786191536
9,Lisa Simpson,21,3861,389,9.925449871465295
9,Lisa Simpson,22,4764,481,9.904365904365905
9,Lisa Simpson,23,4196,394,10.649746192893401
9,Lisa Simpson,24,3415,362,9.433701657458563
9,Lisa Simpson,25,4499,455,9.887912087912088
9,Lisa Simpson,26,2049,215,9.530232558139534
1,Marge Simpson,1,3662,434,8.43778801843318
1,Marge Simpson,2,6391,676,9.45414201183432
1,Marge Simpson,3,5230,561,9.322638146167558
1,Marge Simpson,4,4147,509,8.147347740667977
1,Marge Simpson,5,3671,383,9.58485639686684
1,Marge Simpson,6,6616,623,10.619582664526485
1,Marge Simpson,7,4745,438,10.833333333333334
1,Marge Simpson,8,5758,534,10.782771535580524
1,Marge Simpson,9,5628,618,9.106796116504855
1,Marge Simpson,10,5411,615,8.798373983739838
1,Marge Simpson,11,1149865,553,2079.3218806509944
1,Marge Simpson,12,3465,435,7.9655172413793105
1,Marge Simpson,13,5084,597,8.515912897822446
1,Marge Simpson,14,5183,555,9.338738738738739
1,Marge Simpson,15,5460,551,9.909255898366606
1,Marge Simpson,16,6067,579,10.478411053540587
1,Marge Simpson,17,5907,623,9.481540930979133
1,Marge Simpson,18,4614,473,9.75475687103594
1,Marge Simpson,19,4334,451,9.609756097560975
1,Marge Simpson,20,4236,443,9.562076749435667
1,Marge Simpson,21,3821,424,9.01179245283019
1,Marge Simpson,22,3810,418,9.114832535885167
1,Marge Simpson,23,3929,406,9.677339901477833
1,Marge Simpson,24,5802,600,9.67
1,Marge Simpson,25,4486,449,9.99109131403118
1,Marge Simpson,26,3344,343,9.74927113702624
240,Mayor Joe Quimby,2,93,4,23.25
240,Mayor Joe Quimby,3,232,16,14.5
240,Mayor Joe Quimby,4,469,41,11.439024390243903
240,Mayor Joe Quimby,5,340,26,13.076923076923077
240,Mayor Joe Quimby,6,366,30,12.2
240,Mayor Joe Quimby,7,369,30,12.3
240,Mayor Joe Quimby,8,301,21,14.333333333333334
240,Mayor Joe Quimby,9,285,24,11.875
240,Mayor Joe Quimby,10,456,43,10.604651162790697
240,Mayor Joe Quimby,12,159,15,10.6
240,Mayor Joe Quimby,13,202,14,14.428571428571429
240,Mayor Joe Quimby,14,305,22,13.863636363636363
240,Mayor Joe Quimby,15,241,22,10.954545454545455
240,Mayor Joe Quimby,16,205,17,12.058823529411764
240,Mayor Joe Quimby,17,397,33,12.030303030303031
240,Mayor Joe Quimby,18,226,20,11.3
240,Mayor Joe Quimby,19,297,30,9.9
240,Mayor Joe Quimby,20,241,14,17.214285714285715
240,Mayor Joe Quimby,21,194,13,14.923076923076923
240,Mayor Joe Quimby,22,112,7,16.0
240,Mayor Joe Quimby,23,331,27,12.25925925925926
240,Mayor Joe Quimby,24,154,11,14.0
240,Mayor Joe Quimby,25,72,6,12.0
240,Mayor Joe Quimby,26,88,9,9.777777777777779
25,Milhouse Van Houten,1,105,23,4.565217391304348
25,Milhouse Van Houten,2,274,47,5.829787234042553
25,Milhouse Van Houten,3,487,72,6.763888888888889
25,Milhouse Van Houten,4,124,23,5.391304347826087
25,Milhouse Van Houten,5,473,55,8.6
25,Milhouse Van Houten,6,741,82,9.036585365853659
25,Milhouse Van Houten,7,1188,131,9.068702290076336
25,Milhouse Van Houten,8,435,50,8.7
25,Milhouse Van Houten,9,493,74,6.662162162162162
25,Milhouse Van Houten,10,287,45,6.377777777777778
25,Milhouse Van Houten,11,447,63,7.095238095238095
25,Milhouse Van Houten,12,673,101,6.663366336633663
25,Milhouse Van Houten,13,471,69,6.826086956521739
25,Milhouse Van Houten,14,664,80,8.3
25,Milhouse Van Houten,15,762,83,9.180722891566266
25,Milhouse Van Houten,16,537,66,8.136363636363637
25,Milhouse Van Houten,17,828,88,9.409090909090908
25,Milhouse Van Houten,18,480,62,7.741935483870968
25,Milhouse Van Houten,19,636,69,9.217391304347826
25,Milhouse Van Houten,20,591,49,12.061224489795919
25,Milhouse Van Houten,21,600,60,10.0
25,Milhouse Van Houten,22,811,85,9.541176470588235
25,Milhouse Van Houten,23,563,61,9.229508196721312
25,Milhouse Van Houten,24,1041,120,8.675
25,Milhouse Van Houten,25,952,102,9.333333333333334
25,Milhouse Van Houten,26,322,38,8.473684210526315
17,Moe Szyslak,1,444,39,11.384615384615385
17,Moe Szyslak,2,389,33,11.787878787878787
17,Moe Szyslak,3,1212,132,9.181818181818182
17,Moe Szyslak,4,376,40,9.4
17,Moe Szyslak,5,563,60,9.383333333333333
17,Moe Szyslak,6,1013,87,11.64367816091954
17,Moe Szyslak,7,1322,92,14.369565217391305
17,Moe Szyslak,8,1866,150,12.44
17,Moe Szyslak,9,2168,192,11.291666666666666
17,Moe Szyslak,10,856,78,10.974358974358974
17,Moe Szyslak,11,1667,143,11.657342657342657
17,Moe Szyslak,12,618,81,7.62962962962963
17,Moe Szyslak,13,1811,175,10.348571428571429
17,Moe Szyslak,14,1937,181,10.701657458563536
17,Moe Szyslak,15,802,60,13.366666666666667
17,Moe Szyslak,16,1098,92,11.934782608695652
17,Moe Szyslak,17,1384,112,12.357142857142858
17,Moe Szyslak,18,1691,133,12.714285714285714
17,Moe Szyslak,19,488,47,10.382978723404255
17,Moe Szyslak,20,1743,132,13.204545454545455
17,Moe Szyslak,21,2138,172,12.430232558139535
17,Moe Szyslak,22,1607,118,13.61864406779661
17,Moe Szyslak,23,837,74,11.31081081081081
17,Moe Szyslak,24,2234,182,12.274725274725276
17,Moe Szyslak,25,768,55,13.963636363636363
17,Moe Szyslak,26,1823,150,12.153333333333334
11,Ned Flanders,1,83,11,7.545454545454546
11,Ned Flanders,2,922,81,11.382716049382717
11,Ned Flanders,3,1041,80,13.0125
11,Ned Flanders,4,598,70,8.542857142857143
11,Ned Flanders,5,1246,122,10.21311475409836
11,Ned Flanders,6,714,60,11.9
11,Ned Flanders,7,905,81,11.17283950617284
11,Ned Flanders,8,1489,112,13.294642857142858
11,Ned Flanders,9,961,88,10.920454545454545
11,Ned Flanders,10,1193,110,10.845454545454546
11,Ned Flanders,11,1122,113,9.929203539823009
11,Ned Flanders,12,1206,125,9.648
11,Ned Flanders,13,476,53,8.981132075471699
11,Ned Flanders,14,1530,122,12.540983606557377
11,Ned Flanders,15,469,44,10.659090909090908
11,Ned Flanders,16,1559,127,12.275590551181102
11,Ned Flanders,17,941,77,12.220779220779221
11,Ned Flanders,18,316,26,12.153846153846153
11,Ned Flanders,19,402,45,8.933333333333334
11,Ned Flanders,20,1259,110,11.445454545454545
11,Ned Flanders,21,1145,112,10.223214285714286
11,Ned Flanders,22,839,61,13.754098360655737
11,Ned Flanders,23,1133,90,12.588888888888889
11,Ned Flanders,24,848,88,9.636363636363637
11,Ned Flanders,25,212,24,8.833333333333334
11,Ned Flanders,26,300,25,12.0
101,Nelson Muntz,1,135,17,7.9411764705882355
101,Nelson Muntz,2,55,10,5.5
101,Nelson Muntz,3,203,23,8.826086956521738
101,Nelson Muntz,4,123,25,4.92
101,Nelson Muntz,5,162,22,7.363636363636363
101,Nelson Muntz,6,208,28,7.428571428571429
101,Nelson Muntz,7,273,48,5.6875
101,Nelson Muntz,8,537,77,6.974025974025974
101,Nelson Muntz,9,456,76,6.0
101,Nelson Muntz,10,501,63,7.9523809523809526
101,Nelson Muntz,11,227,30,7.566666666666666
101,Nelson Muntz,12,385,54,7.12962962962963
101,Nelson Muntz,13,104,21,4.9523809523809526
101,Nelson Muntz,14,262,46,5.695652173913044
101,Nelson Muntz,15,304,45,6.7555555555555555
101,Nelson Muntz,16,552,63,8.761904761904763
101,Nelson Muntz,17,229,36,6.361111111111111
101,Nelson Muntz,18,685,79,8.670886075949367
101,Nelson Muntz,19,582,64,9.09375
101,Nelson Muntz,20,183,24,7.625
101,Nelson Muntz,21,489,70,6.985714285714286
101,Nelson Muntz,22,946,100,9.46
101,Nelson Muntz,23,302,42,7.190476190476191
101,Nelson Muntz,24,114,19,6.0
101,Nelson Muntz,25,308,42,7.333333333333333
101,Nelson Muntz,26,150,21,7.142857142857143
140,Rev. Timothy Lovejoy,1,171,7,24.428571428571427
140,Rev. Timothy Lovejoy,2,546,32,17.0625
140,Rev. Timothy Lovejoy,3,167,15,11.133333333333333
140,Rev. Timothy Lovejoy,4,328,33,9.93939393939394
140,Rev. Timothy Lovejoy,5,238,17,14.0
140,Rev. Timothy Lovejoy,6,344,25,13.76
140,Rev. Timothy Lovejoy,7,365,27,13.518518518518519
140,Rev. Timothy Lovejoy,8,903,68,13.279411764705882
140,Rev. Timothy Lovejoy,9,224,21,10.666666666666666
140,Rev. Timothy Lovejoy,10,280,24,11.666666666666666
140,Rev. Timothy Lovejoy,11,367,28,13.107142857142858
140,Rev. Timothy Lovejoy,12,86,9,9.555555555555555
140,Rev. Timothy Lovejoy,13,221,25,8.84
140,Rev. Timothy Lovejoy,14,161,15,10.733333333333333
140,Rev. Timothy Lovejoy,15,115,10,11.5
140,Rev. Timothy Lovejoy,16,242,21,11.523809523809524
140,Rev. Timothy Lovejoy,17,287,25,11.48
140,Rev. Timothy Lovejoy,18,153,13,11.76923076923077
140,Rev. Timothy Lovejoy,19,110,10,11.0
140,Rev. Timothy Lovejoy,20,245,20,12.25
140,Rev. Timothy Lovejoy,21,272,27,10.074074074074074
140,Rev. Timothy Lovejoy,22,1,1,1.0
140,Rev. Timothy Lovejoy,23,115,9,12.777777777777779
140,Rev. Timothy Lovejoy,24,339,27,12.555555555555555
140,Rev. Timothy Lovejoy,25,444,34,13.058823529411764
140,Rev. Timothy Lovejoy,26,140,11,12.727272727272727
3592,Robert Pinsky,13,672126,6,112021.0
3,Seymour Skinner,1,668,51,13.098039215686274
3,Seymour Skinner,2,806,75,10.746666666666666
3,Seymour Skinner,3,1415,95,14.894736842105264
3,Seymour Skinner,4,831,87,9.551724137931034
3,Seymour Skinner,5,1626,146,11.136986301369863
3,Seymour Skinner,6,2368,165,14.351515151515152
3,Seymour Skinner,7,1064,78,13.64102564102564
3,Seymour Skinner,8,1756,141,12.453900709219859
3,Seymour Skinner,9,879,80,10.9875
3,Seymour Skinner,10,1627,134,12.14179104477612
3,Seymour Skinner,11,749,76,9.855263157894736
3,Seymour Skinner,12,1240,124,10.0
3,Seymour Skinner,13,659,52,12.673076923076923
3,Seymour Skinner,14,1262,108,11.685185185185185
3,Seymour Skinner,15,1208,106,11.39622641509434
3,Seymour Skinner,16,713,63,11.317460317460318
3,Seymour Skinner,17,983,83,11.843373493975903
3,Seymour Skinner,18,945,97,9.742268041237113
3,Seymour Skinner,19,884,76,11.631578947368421
3,Seymour Skinner,20,1185,94,12.606382978723405
3,Seymour Skinner,21,744,60,12.4
3,Seymour Skinner,22,1381,122,11.319672131147541
3,Seymour Skinner,23,868,74,11.72972972972973
3,Seymour Skinner,24,880,83,10.602409638554217
3,Seymour Skinner,25,1195,100,11.95
3,Seymour Skinner,26,202,20,10.1
153,Sideshow Bob,1,578,30,19.266666666666666
153,Sideshow Bob,3,961,77,12.480519480519481
153,Sideshow Bob,5,286,33,8.666666666666666
153,Sideshow Bob,6,467,29,16.103448275862068
153,Sideshow Bob,7,557,40,13.925
153,Sideshow Bob,8,980,69,14.202898550724637
153,Sideshow Bob,12,537,63,8.523809523809524
153,Sideshow Bob,14,551,51,10.803921568627452
153,Sideshow Bob,17,475,37,12.837837837837839
153,Sideshow Bob,19,489,46,10.630434782608695
153,Sideshow Bob,20,52,4,13.0
153,Sideshow Bob,21,4,2,2.0
153,Sideshow Bob,23,6,1,6.0
153,Sideshow Bob,25,429,41,10.463414634146341
153,Sideshow Bob,26,30,4,7.5
14,Waylon Smithers,1,231,26,8.884615384615385
14,Waylon Smithers,2,986,104,9.48076923076923
14,Waylon Smithers,3,1004,108,9.296296296296296
14,Waylon Smithers,4,310,37,8.378378378378379
14,Waylon Smithers,5,827,81,10.209876543209877
14,Waylon Smithers,6,526,48,10.958333333333334
14,Waylon Smithers,7,1529,123,12.43089430894309
14,Waylon Smithers,8,804,77,10.441558441558442
14,Waylon Smithers,9,254,31,8.193548387096774
14,Waylon Smithers,10,134,15,8.933333333333334
14,Waylon Smithers,11,62,10,6.2
14,Waylon Smithers,12,135,15,9.0
14,Waylon Smithers,13,216,26,8.307692307692308
14,Waylon Smithers,14,120,12,10.0
14,Waylon Smithers,15,183,23,7.956521739130435
14,Waylon Smithers,16,110,14,7.857142857142857
14,Waylon Smithers,17,136,16,8.5
14,Waylon Smithers,18,122,12,10.166666666666666
14,Waylon Smithers,19,38,5,7.6
14,Waylon Smithers,20,118,17,6.9411764705882355
14,Waylon Smithers,21,293,22,13.318181818181818
14,Waylon Smithers,22,515,50,10.3
14,Waylon Smithers,23,190,19,10.0
14,Waylon Smithers,24,220,23,9.565217391304348
14,Waylon Smithers,25,115,12,9.583333333333334
14,Waylon Smithers,26,355,39,9.102564102564102
